년도,학교명,설립유형,지역명,입학정원,졸업생수,전임교원수,재학생,신입생경쟁률,신입생충원율,취업률,외국인학생수,전임교원1인당학생수,전임교원확보율,전임교원강의담당비율,학생1인당연간장학금,연평균등록금,학생1인당교육비,기숙사수용율,학생1인당도서자료수
2022,가야대학교(고령)-제2캠퍼스,사립,경북,0 ,0 ,0 ,0 ,0.0 ,0.0 ,0.0 ,0 ,0.00 ,0.00 ,0.0 ,0.0 ,0.0 ,0.0 ,0.0 ,0.0 
2022,가야대학교(김해),사립,경남,460 ,554 ,81 ,1837 ,4.6 ,77.1 ,74.6 ,21 ,29.99 ,86.17 ,73.0 ,3710932.7 ,6809.8 ,11518.9 ,34.3 ,109.7 
2022,가천대학교,사립,경기,4081 ,4437 ,937 ,19370 ,15.4 ,100.0 ,67.4 ,2131 ,19.57 ,87.08 ,63.8 ,3374647.1 ,8263.2 ,14496.4 ,14.9 ,53.3 
2022,가톨릭관동대학교,사립,강원,1824 ,1685 ,410 ,6856 ,3.8 ,79.8 ,60.8 ,49 ,22.28 ,112.95 ,79.2 ,3198333.1 ,7199.7 ,12723.8 ,42.5 ,95.7 
2022,가톨릭꽃동네대학교,사립,충북,108 ,123 ,23 ,401 ,4.8 ,95.4 ,73.7 ,0 ,25.30 ,100.00 ,66.2 ,4926987.5 ,7293.6 ,16921.4 ,45.4 ,134.2 
2022,가톨릭대학교,사립,경기,1574 ,1626 ,269 ,6799 ,12.7 ,99.8 ,60.2 ,499 ,29.76 ,70.42 ,62.5 ,3287368.5 ,6997.6 ,26257.9 ,16.7 ,110.5 
2022,가톨릭대학교-제2캠퍼스,사립,서울,173 ,179 ,931 ,913 ,45.5 ,100.0 ,90.1 ,1 ,2.96 ,479.90 ,83.0 ,2662820.9 ,9263.0 ,0.0 ,7.5 ,0.0 
2022,가톨릭대학교-제3캠퍼스,사립,서울,50 ,39 ,15 ,216 ,1.1 ,98.0 ,0.0 ,6 ,28.53 ,93.75 ,66.2 ,6182877.6 ,6122.0 ,0.0 ,102.0 ,0.0 
2022,감리교신학대학교,사립,서울,200 ,187 ,26 ,635 ,0.7 ,44.2 ,0.0 ,2 ,68.96 ,40.63 ,58.2 ,4445341.1 ,6304.0 ,8491.3 ,26.0 ,163.4 
2022,강남대학교,사립,경기,1491 ,1611 ,238 ,6325 ,7.4 ,99.9 ,60.8 ,79 ,28.88 ,79.33 ,69.7 ,3509047.1 ,7464.5 ,12500.8 ,14.5 ,80.7 
2022,강릉원주대학교-제2캠퍼스,국립,강원,502 ,486 ,93 ,2033 ,5.8 ,99.8 ,58.8 ,4 ,24.47 ,86.92 ,85.3 ,3004494.8 ,4290.2 ,0.0 ,30.0 ,0.0 
2022,강릉원주대학교,국립,강원,1331 ,1222 ,282 ,5128 ,5.3 ,98.0 ,55.9 ,284 ,22.78 ,97.92 ,61.7 ,2894954.6 ,4251.7 ,16515.2 ,39.4 ,95.9 
2022,강서대학교,사립,서울,277 ,318 ,53 ,1560 ,6.1 ,100.0 ,64.1 ,378 ,25.77 ,69.74 ,62.5 ,3353667.1 ,7104.8 ,9296.6 ,7.8 ,64.1 
2022,강원대학교,국립,강원,3093 ,4277 ,800 ,13270 ,7.9 ,99.9 ,62.8 ,363 ,21.18 ,93.24 ,59.6 ,2681116.5 ,4071.7 ,18241.4 ,29.0 ,72.7 
2022,강원대학교-제2캠퍼스,국립,강원,1432 ,1600 ,196 ,5360 ,5.5 ,99.4 ,65.9 ,50 ,32.10 ,72.06 ,57.6 ,3267450.2 ,4248.1 ,0.0 ,47.1 ,0.0 
2022,건국대학교,사립,서울,3000 ,3863 ,627 ,15343 ,18.3 ,99.4 ,69.1 ,2148 ,30.55 ,59.49 ,60.6 ,3254425.2 ,8275.6 ,15532.0 ,19.3 ,66.2 
2022,건국대학교(글로컬),사립,충북,1569 ,1667 ,443 ,6704 ,10.0 ,99.9 ,65.9 ,123 ,16.19 ,118.77 ,64.9 ,3830639.2 ,8007.7 ,17098.1 ,33.2 ,97.5 
2022,건양대학교,사립,충남,777 ,864 ,112 ,2957 ,5.2 ,95.4 ,68.1 ,166 ,29.57 ,86.82 ,59.9 ,3830440.5 ,6402.4 ,15735.0 ,46.3 ,67.2 
2022,건양대학교-제2캠퍼스,사립,대전,846 ,849 ,262 ,3481 ,6.6 ,99.5 ,80.0 ,4 ,16.12 ,108.71 ,79.6 ,3471641.2 ,7230.6 ,0.0 ,34.9 ,0.0 
2022,경기대학교,사립,경기,2598 ,2760 ,510 ,11233 ,10.2 ,99.9 ,61.7 ,988 ,27.79 ,78.22 ,66.6 ,3571006.1 ,7350.3 ,11779.6 ,18.8 ,82.9 
2022,경기대학교-제2캠퍼스,사립,서울,328 ,434 ,36 ,2010 ,18.1 ,100.0 ,69.5 ,662 ,36.44 ,41.86 ,57.5 ,3477801.2 ,7087.3 ,0.0 ,0.0 ,0.0 
2022,경남과학기술대학교,국립,경남,0 ,1154 ,0 ,3294 ,0.0 ,0.0 ,57.3 ,0 ,0.00 ,0.00 ,67.6 ,2606391.5 ,3801.9 ,0.0 ,0.0 ,0.0 
2022,경남대학교,사립,경남,2195 ,2601 ,422 ,10194 ,4.3 ,82.9 ,62.4 ,277 ,30.20 ,80.08 ,77.8 ,3338288.5 ,6533.4 ,12171.6 ,15.5 ,84.9 
2022,경동대학교-제3캠퍼스,사립,강원,989 ,995 ,105 ,3817 ,7.3 ,96.9 ,82.9 ,0 ,36.35 ,55.56 ,77.5 ,3081085.5 ,8280.5 ,0.0 ,26.6 ,0.0 
2022,경동대학교-제2캠퍼스,사립,강원,0 ,0 ,0 ,0 ,0.0 ,0.0 ,0.0 ,0 ,0.00 ,0.00 ,0.0 ,0.0 ,0.0 ,0.0 ,0.0 ,0.0 
2022,경동대학교,사립,강원,1 ,230 ,29 ,557 ,8.0 ,100.0 ,70.5 ,417 ,10.79 ,126.09 ,90.7 ,4914836.2 ,6571.4 ,8754.2 ,63.6 ,51.3 
2022,경동대학교-제4캠퍼스,사립,경기,654 ,606 ,100 ,2693 ,7.6 ,100.0 ,74.9 ,113 ,27.28 ,81.30 ,80.9 ,3019652.6 ,7610.8 ,0.0 ,18.6 ,0.0 
2022,경북대학교,국립,대구,4629 ,5295 ,1392 ,21028 ,11.3 ,99.6 ,57.9 ,1099 ,20.28 ,93.33 ,61.9 ,2655207.2 ,4499.6 ,20578.2 ,24.0 ,125.2 
2022,경상국립대학교,국립,경남,4266 ,3270 ,1023 ,14185 ,6.6 ,99.6 ,49.2 ,269 ,17.31 ,118.54 ,70.2 ,2636020.8 ,4083.2 ,18219.3 ,28.8 ,77.0 
2022,경성대학교,사립,부산,2765 ,2995 ,429 ,11785 ,6.8 ,99.7 ,56.5 ,891 ,29.11 ,75.00 ,70.4 ,3322074.2 ,6578.4 ,10450.4 ,11.8 ,80.0 
2022,경운대학교,사립,경북,1184 ,1025 ,184 ,4207 ,6.2 ,92.9 ,70.8 ,40 ,27.04 ,85.19 ,70.3 ,4470745.5 ,7708.2 ,13260.8 ,35.1 ,97.9 
2022,경일대학교,사립,경북,1584 ,1300 ,247 ,6852 ,5.7 ,94.3 ,64.8 ,334 ,26.77 ,72.65 ,87.9 ,3858175.8 ,7403.3 ,11878.9 ,23.0 ,73.9 
2022,경주대학교,사립,경북,762 ,197 ,48 ,690 ,1.1 ,30.7 ,66.7 ,124 ,69.46 ,123.08 ,50.4 ,3466661.4 ,7108.4 ,10716.3 ,57.2 ,494.5 
2022,경희대학교,사립,서울,4830 ,6514 ,1361 ,25998 ,16.4 ,99.7 ,68.9 ,4439 ,21.27 ,74.90 ,58.1 ,3026693.4 ,7938.3 ,16471.7 ,17.2 ,76.4 
2022,계명대학교,사립,대구,4620 ,5107 ,888 ,20753 ,6.5 ,99.8 ,55.5 ,1494 ,25.02 ,81.54 ,72.6 ,3804096.1 ,7246.6 ,13368.2 ,13.3 ,90.1 
2022,고려대학교,사립,서울,3889 ,4905 ,1511 ,19597 ,10.8 ,99.8 ,70.1 ,3432 ,20.58 ,95.75 ,53.7 ,3414288.0 ,8279.4 ,29628.7 ,11.9 ,108.4 
2022,고려대학교(세종),사립,세종,1449 ,1496 ,258 ,6406 ,12.2 ,99.9 ,66.6 ,409 ,26.68 ,73.50 ,66.1 ,3414843.1 ,8399.2 ,19221.5 ,36.9 ,73.7 
2022,고신대학교,사립,부산,886 ,779 ,294 ,3534 ,7.8 ,90.4 ,71.8 ,86 ,18.11 ,120.00 ,71.8 ,3961861.8 ,6648.5 ,14100.9 ,39.5 ,102.7 
2022,광신대학교,사립,광주,122 ,122 ,50 ,457 ,1.4 ,100.0 ,56.4 ,21 ,27.72 ,98.04 ,64.8 ,4547230.4 ,5967.8 ,9187.5 ,23.8 ,155.4 
2022,광운대학교,사립,서울,1684 ,1802 ,329 ,8496 ,11.4 ,99.9 ,65.0 ,1079 ,27.70 ,68.91 ,65.8 ,2913565.0 ,7834.2 ,14245.2 ,12.2 ,79.7 
2022,광주가톨릭대학교,사립,전남,40 ,16 ,18 ,60 ,0.3 ,30.0 ,0.0 ,0 ,13.89 ,360.00 ,93.6 ,16233.8 ,0.0 ,24667.4 ,237.2 ,1917.9 
2022,광주과학기술원,특별법법인,광주,200 ,167 ,187 ,727 ,18.5 ,109.0 ,61.4 ,18 ,15.90 ,139.55 ,66.9 ,6001570.3 ,2060.0 ,86311.9 ,105.9 ,97.3 
2022,광주대학교,사립,광주,1481 ,1536 ,244 ,6368 ,4.8 ,99.7 ,66.2 ,291 ,28.99 ,76.49 ,77.2 ,3964296.0 ,6589.4 ,11491.5 ,29.9 ,89.4 
2022,광주여자대학교,사립,광주,920 ,871 ,135 ,3766 ,4.2 ,94.7 ,66.4 ,479 ,28.93 ,72.19 ,71.4 ,4339391.8 ,6307.0 ,10592.4 ,28.7 ,81.4 
2022,국립공주대학교,국립,충남,2815 ,2995 ,571 ,12154 ,9.0 ,99.9 ,59.0 ,248 ,26.33 ,79.24 ,68.6 ,2642428.8 ,3826.0 ,13621.7 ,32.3 ,85.0 
2022,국민대학교,사립,서울,2966 ,3930 ,668 ,14562 ,9.6 ,100.0 ,68.9 ,1832 ,24.24 ,74.39 ,66.3 ,3341292.2 ,7927.8 ,15563.6 ,11.9 ,79.9 
2022,군산대학교,국립,전북,1735 ,1551 ,338 ,6611 ,3.4 ,83.3 ,55.5 ,307 ,25.20 ,90.37 ,71.3 ,2710526.1 ,3934.3 ,17459.5 ,22.6 ,93.1 
2022,극동대학교,사립,충북,871 ,772 ,139 ,2933 ,4.4 ,61.0 ,69.1 ,110 ,28.58 ,93.92 ,67.0 ,3856464.2 ,7511.9 ,10798.0 ,15.8 ,97.9 
2022,금강대학교,사립,충남,110 ,93 ,15 ,210 ,0.6 ,30.0 ,66.7 ,21 ,32.53 ,150.00 ,37.5 ,7714893.2 ,6598.0 ,28699.9 ,292.6 ,474.7 
2022,금오공과대학교,국립,경북,1218 ,1439 ,233 ,5188 ,5.3 ,99.7 ,61.5 ,80 ,26.46 ,77.55 ,71.5 ,2809236.5 ,3767.4 ,17646.0 ,47.7 ,93.2 
2022,김천대학교,사립,경북,665 ,767 ,120 ,2574 ,4.5 ,92.6 ,71.4 ,331 ,25.17 ,91.60 ,70.7 ,4206784.0 ,7055.1 ,10879.4 ,44.4 ,109.7 
2022,나사렛대학교,사립,충남,1211 ,1142 ,176 ,4841 ,4.9 ,98.3 ,64.8 ,114 ,30.01 ,77.19 ,81.6 ,4318989.1 ,7194.2 ,11890.1 ,19.3 ,81.6 
2022,남부대학교,사립,광주,656 ,695 ,118 ,3047 ,5.0 ,92.1 ,71.5 ,462 ,27.50 ,69.82 ,66.9 ,3643164.5 ,6538.5 ,10702.4 ,31.5 ,36.0 
2022,남서울대학교,사립,충남,2187 ,2211 ,327 ,9208 ,8.7 ,100.0 ,67.2 ,840 ,28.28 ,72.19 ,67.2 ,3794645.9 ,7909.6 ,11822.6 ,14.0 ,91.1 
2022,단국대학교,사립,경기,2275 ,3033 ,490 ,11387 ,13.9 ,99.8 ,62.8 ,952 ,29.23 ,69.50 ,57.8 ,3247170.2 ,8024.0 ,14844.1 ,19.4 ,77.0 
2022,단국대학교-제2캠퍼스,사립,충남,2355 ,2827 ,528 ,10628 ,8.4 ,99.7 ,66.3 ,188 ,21.27 ,85.85 ,60.9 ,3366461.4 ,8184.5 ,0.0 ,20.0 ,0.0 
2022,대구가톨릭대학교,사립,경북,2887 ,2810 ,596 ,11311 ,5.7 ,91.1 ,61.0 ,242 ,23.58 ,94.30 ,69.1 ,3804537.0 ,7227.8 ,12931.0 ,23.6 ,103.3 
2022,대구경북과학기술원,특별법법인,대구,220 ,133 ,135 ,782 ,17.5 ,100.9 ,39.3 ,0 ,17.84 ,127.36 ,70.5 ,2762263.3 ,7000.0 ,104834.1 ,115.9 ,163.5 
2022,대구대학교,사립,경북,3850 ,4033 ,579 ,15941 ,5.3 ,91.6 ,58.2 ,1362 ,31.63 ,72.28 ,75.2 ,3984242.7 ,6897.2 ,13419.7 ,25.2 ,88.7 
2022,대구예술대학교,사립,경북,330 ,197 ,31 ,595 ,1.4 ,23.3 ,51.3 ,1 ,50.87 ,103.33 ,36.2 ,3929226.8 ,8293.5 ,12290.7 ,30.3 ,157.0 
2022,대구외국어대학교,사립,경북,0 ,0 ,0 ,0 ,0.0 ,0.0 ,0.0 ,0 ,0.00 ,0.00 ,0.0 ,0.0 ,0.0 ,0.0 ,0.0 ,0.0 
2022,대구한의대학교,사립,경북,1518 ,1535 ,244 ,6236 ,5.8 ,97.6 ,66.0 ,173 ,27.66 ,67.97 ,80.8 ,3848677.1 ,7281.2 ,13348.7 ,18.8 ,96.2 
2022,대신대학교,사립,경북,116 ,105 ,28 ,438 ,2.2 ,100.0 ,48.9 ,68 ,28.57 ,93.33 ,68.1 ,5283663.7 ,6415.3 ,9781.8 ,18.9 ,184.8 
2022,대전가톨릭대학교,사립,세종,40 ,8 ,12 ,32 ,0.3 ,27.5 ,0.0 ,2 ,24.58 ,400.00 ,55.6 ,3457803.0 ,5760.0 ,43951.9 ,961.1 ,2280.2 
2022,대전대학교,사립,대전,1962 ,1863 ,322 ,8504 ,8.2 ,98.9 ,63.5 ,530 ,28.91 ,69.25 ,67.9 ,3567621.3 ,7350.3 ,14341.6 ,25.6 ,88.8 
2022,대전신학대학교,사립,대전,32 ,24 ,8 ,55 ,0.3 ,25.0 ,0.0 ,0 ,48.00 ,100.00 ,57.4 ,6452348.3 ,5933.7 ,18904.3 ,25.8 ,510.7 
2022,대진대학교,사립,경기,1793 ,1529 ,258 ,7243 ,6.1 ,100.0 ,64.5 ,314 ,30.41 ,68.44 ,71.9 ,3696110.7 ,7188.1 ,12354.8 ,21.1 ,93.4 
2022,덕성여자대학교,사립,서울,1120 ,1487 ,213 ,5269 ,15.8 ,99.9 ,59.8 ,283 ,24.65 ,84.19 ,71.0 ,2953160.2 ,7105.3 ,12908.4 ,15.8 ,131.6 
2022,동국대학교,사립,서울,2778 ,3297 ,694 ,13270 ,18.9 ,99.9 ,68.8 ,1652 ,24.25 ,81.36 ,59.8 ,3282565.5 ,7945.7 ,16275.4 ,14.0 ,95.1 
2022,동국대학교(WISE),사립,경북,1754 ,1675 ,331 ,7172 ,7.0 ,99.8 ,61.9 ,207 ,24.28 ,84.44 ,56.6 ,3583165.4 ,7878.7 ,14795.3 ,24.9 ,100.5 
2022,동덕여자대학교,사립,서울,1577 ,1666 ,233 ,6834 ,12.4 ,99.9 ,67.9 ,274 ,29.92 ,69.76 ,75.8 ,3213287.5 ,7422.7 ,11382.1 ,10.9 ,77.1 
2022,동명대학교,사립,부산,1638 ,1727 ,273 ,7055 ,5.5 ,85.7 ,66.2 ,491 ,27.02 ,78.45 ,72.5 ,3983420.1 ,7029.1 ,12410.5 ,14.2 ,73.5 
2022,동서대학교,사립,부산,2098 ,2184 ,354 ,9296 ,6.9 ,91.2 ,64.1 ,870 ,27.25 ,77.80 ,72.9 ,3779942.7 ,6879.8 ,12161.7 ,22.4 ,83.2 
2022,동신대학교,사립,전남,1548 ,1477 ,251 ,6098 ,4.7 ,92.8 ,68.4 ,311 ,27.95 ,72.75 ,75.8 ,4062715.4 ,6699.8 ,13382.7 ,22.0 ,92.3 
2022,동아대학교,사립,부산,4058 ,4264 ,782 ,17887 ,6.0 ,99.9 ,56.1 ,581 ,25.66 ,81.12 ,69.3 ,3474696.5 ,6766.3 ,13331.4 ,13.0 ,70.5 
2022,동양대학교,사립,경북,990 ,786 ,148 ,3852 ,4.2 ,95.3 ,60.9 ,41 ,29.77 ,75.51 ,78.6 ,3449238.2 ,7193.9 ,10223.2 ,54.2 ,91.5 
2022,동의대학교,사립,부산,3635 ,3362 ,569 ,14514 ,5.6 ,96.9 ,60.4 ,243 ,27.92 ,76.27 ,82.8 ,3509890.1 ,6633.2 ,11198.4 ,21.0 ,80.8 
2022,루터대학교,사립,경기,85 ,80 ,17 ,337 ,3.3 ,100.0 ,56.8 ,2 ,25.71 ,100.00 ,60.9 ,4191147.4 ,6334.5 ,16326.0 ,27.5 ,106.1 
2022,명지대학교-제2캠퍼스,사립,서울,1263 ,2119 ,244 ,7613 ,10.5 ,99.8 ,64.2 ,1902 ,30.23 ,64.72 ,58.6 ,3182267.8 ,6950.4 ,0.0 ,11.9 ,0.0 
2022,명지대학교,사립,경기,1397 ,1526 ,269 ,6063 ,10.4 ,99.9 ,67.4 ,474 ,26.67 ,72.90 ,68.9 ,3472567.8 ,9117.7 ,12607.5 ,30.4 ,102.2 
2022,목원대학교,사립,대전,1822 ,1628 ,290 ,7120 ,4.9 ,98.1 ,58.5 ,809 ,29.10 ,76.72 ,68.0 ,3945235.2 ,7271.2 ,11118.4 ,20.8 ,89.4 
2022,목포가톨릭대학교,사립,전남,120 ,122 ,19 ,492 ,5.0 ,100.0 ,77.3 ,1 ,25.26 ,79.17 ,75.3 ,4668880.3 ,6539.0 ,14336.6 ,41.3 ,103.4 
2022,목포대학교,국립,전남,1591 ,1484 ,298 ,6386 ,4.8 ,85.9 ,57.9 ,163 ,27.53 ,89.49 ,73.2 ,3285658.5 ,3887.1 ,17964.9 ,25.1 ,83.6 
2022,목포해양대학교,국립,전남,691 ,611 ,123 ,2530 ,4.5 ,99.1 ,85.4 ,15 ,24.08 ,91.79 ,76.1 ,2257108.2 ,3409.2 ,20536.9 ,92.0 ,91.1 
2022,배재대학교,사립,대전,2032 ,1608 ,291 ,7936 ,5.1 ,93.1 ,63.1 ,410 ,31.15 ,72.21 ,72.7 ,3544913.1 ,7234.6 ,11936.9 ,21.1 ,91.5 
2022,백석대학교,사립,충남,2990 ,2809 ,488 ,11767 ,7.8 ,99.9 ,63.5 ,229 ,30.13 ,71.76 ,74.2 ,3728523.5 ,7899.4 ,11962.1 ,14.5 ,83.9 
2022,부경대학교,국립,부산,3270 ,3870 ,615 ,15213 ,8.4 ,99.8 ,50.6 ,1130 ,28.02 ,70.45 ,66.4 ,2641364.2 ,4034.8 ,16126.9 ,24.4 ,72.7 
2022,부산가톨릭대학교,사립,부산,735 ,924 ,143 ,3740 ,7.1 ,93.7 ,66.9 ,165 ,26.69 ,73.71 ,79.6 ,4419252.6 ,6843.9 ,13551.1 ,13.2 ,101.0 
2022,부산대학교,국립,부산,4257 ,4832 ,1413 ,19258 ,12.4 ,99.7 ,55.6 ,994 ,20.74 ,89.83 ,58.9 ,2796801.2 ,4461.9 ,21478.9 ,21.1 ,92.4 
2022,부산외국어대학교,사립,부산,1660 ,1775 ,247 ,6897 ,4.4 ,82.3 ,59.0 ,823 ,31.86 ,77.43 ,70.6 ,3147735.5 ,6250.7 ,10035.3 ,23.0 ,108.1 
2022,부산장신대학교,사립,경남,32 ,64 ,19 ,143 ,1.6 ,100.0 ,45.2 ,1 ,30.05 ,118.75 ,71.2 ,5076327.2 ,5774.8 ,10883.4 ,65.8 ,173.9 
2022,삼육대학교,사립,서울,1137 ,1297 ,215 ,5332 ,11.1 ,100.1 ,67.0 ,131 ,24.98 ,74.14 ,61.9 ,3912563.3 ,7760.9 ,13130.8 ,23.3 ,85.5 
2022,상명대학교,사립,서울,1379 ,1535 ,266 ,6305 ,11.9 ,100.0 ,62.9 ,861 ,25.67 ,75.57 ,80.8 ,3441802.3 ,7712.0 ,13905.2 ,8.7 ,89.2 
2022,상명대학교-제2캠퍼스,사립,충남,1367 ,1334 ,217 ,5554 ,8.9 ,99.9 ,68.7 ,155 ,25.59 ,76.68 ,82.7 ,3708861.7 ,8101.5 ,0.0 ,19.3 ,0.0 
2022,상지대학교,사립,강원,2118 ,1276 ,292 ,6248 ,3.8 ,69.3 ,65.8 ,152 ,31.11 ,90.40 ,75.7 ,3335386.1 ,7171.6 ,11815.8 ,13.6 ,102.0 
2022,서강대학교,사립,서울,1574 ,1969 ,400 ,7974 ,20.1 ,99.4 ,71.9 ,1941 ,32.11 ,69.57 ,59.5 ,2693522.5 ,7944.5 ,17889.6 ,12.9 ,116.6 
2022,서경대학교,사립,서울,1269 ,1383 ,251 ,6510 ,18.8 ,100.0 ,71.2 ,765 ,22.74 ,76.52 ,66.3 ,3309068.3 ,7925.4 ,11716.0 ,10.9 ,93.1 
2022,서남대학교,사립,전북,0 ,0 ,0 ,0 ,0.0 ,0.0 ,0.0 ,0 ,0.00 ,0.00 ,0.0 ,0.0 ,0.0 ,0.0 ,0.0 ,0.0 
2022,서남대학교-제2캠퍼스,사립,충남,0 ,0 ,0 ,0 ,0.0 ,0.0 ,0.0 ,0 ,0.00 ,0.00 ,0.0 ,0.0 ,0.0 ,0.0 ,0.0 ,0.0 
2022,서울과학기술대학교,국립,서울,2157 ,2481 ,410 ,10064 ,11.5 ,99.9 ,67.2 ,720 ,26.36 ,67.66 ,60.3 ,3192123.8 ,5458.0 ,16851.4 ,22.5 ,68.1 
2022,서울기독대학교,사립,서울,136 ,79 ,29 ,403 ,2.1 ,46.8 ,61.3 ,3 ,32.97 ,100.00 ,54.2 ,3435834.3 ,7319.3 ,9841.6 ,18.4 ,87.0 
2022,서울대학교,국립,서울,3233 ,3330 ,2278 ,15870 ,5.6 ,99.8 ,71.1 ,1410 ,13.50 ,120.78 ,51.8 ,3078815.9 ,6011.8 ,52866.4 ,25.1 ,185.0 
2022,서울시립대학교,국립,서울,1737 ,2064 ,447 ,8674 ,14.5 ,99.9 ,69.2 ,637 ,24.01 ,78.56 ,53.5 ,1801826.4 ,2394.4 ,16430.1 ,11.4 ,97.6 
2022,서울신학대학교,사립,경기,457 ,517 ,108 ,2082 ,5.8 ,100.0 ,65.7 ,26 ,30.28 ,80.00 ,64.7 ,4763797.6 ,6892.5 ,10345.8 ,14.6 ,117.7 
2022,서울여자대학교,사립,서울,1645 ,1685 ,232 ,7008 ,12.8 ,100.2 ,65.4 ,594 ,31.51 ,70.30 ,61.8 ,3481106.5 ,7534.6 ,12419.5 ,12.3 ,99.1 
2022,서울장신대학교,사립,경기,104 ,112 ,35 ,323 ,1.9 ,64.4 ,54.8 ,1 ,27.17 ,106.06 ,61.8 ,4951651.9 ,7541.0 ,10993.0 ,54.5 ,178.4 
2022,서울한영대학교,사립,서울,180 ,145 ,33 ,655 ,4.9 ,90.6 ,70.4 ,0 ,32.72 ,82.05 ,62.1 ,3855922.6 ,6979.7 ,8973.2 ,14.6 ,148.8 
2022,서원대학교,사립,충북,1622 ,1399 ,234 ,6644 ,6.6 ,99.9 ,57.5 ,6 ,29.15 ,75.48 ,77.8 ,3775729.5 ,6948.3 ,12335.6 ,14.5 ,107.9 
2022,선문대학교,사립,충남,2053 ,1861 ,315 ,9174 ,5.0 ,99.8 ,70.1 ,1561 ,29.31 ,71.11 ,64.1 ,4063188.7 ,7602.7 ,14267.3 ,39.4 ,79.0 
2022,성결대학교,사립,경기,1228 ,1249 ,200 ,5290 ,8.1 ,100.0 ,65.3 ,178 ,29.18 ,78.74 ,63.4 ,3324951.4 ,7208.8 ,12083.9 ,11.3 ,102.1 
2022,성공회대학교,사립,서울,502 ,460 ,88 ,1931 ,4.9 ,99.8 ,58.6 ,133 ,30.76 ,85.44 ,63.6 ,4094674.1 ,7047.6 ,12870.3 ,22.1 ,112.8 
2022,성균관대학교,사립,서울,3335 ,4664 ,1525 ,18298 ,16.7 ,99.9 ,78.5 ,4751 ,16.69 ,107.55 ,58.2 ,3165933.7 ,8397.7 ,27011.3 ,21.5 ,80.4 
2022,성신여자대학교,사립,서울,2232 ,2346 ,326 ,8873 ,11.0 ,99.8 ,61.0 ,389 ,30.37 ,70.26 ,53.3 ,3551186.1 ,7853.8 ,11586.0 ,11.1 ,100.5 
2022,세명대학교,사립,충북,1820 ,1698 ,287 ,6835 ,4.5 ,80.2 ,64.6 ,204 ,27.91 ,81.53 ,75.3 ,3871584.6 ,6900.0 ,12725.9 ,47.3 ,86.8 
2022,세종대학교,사립,서울,2400 ,2853 ,550 ,11688 ,14.7 ,99.7 ,67.8 ,1364 ,23.80 ,76.28 ,65.6 ,3193436.5 ,7891.3 ,16096.9 ,11.6 ,66.3 
2022,세한대학교,사립,전남,817 ,876 ,125 ,3465 ,3.7 ,99.4 ,63.6 ,104 ,29.01 ,64.43 ,64.0 ,3209784.5 ,6815.4 ,8457.7 ,34.7 ,90.7 
2022,송원대학교,사립,광주,700 ,666 ,102 ,3040 ,4.7 ,99.9 ,66.5 ,349 ,30.19 ,67.11 ,71.2 ,3937362.7 ,6538.2 ,11457.4 ,14.1 ,83.4 
2022,수원가톨릭대학교,사립,경기,90 ,29 ,9 ,122 ,0.4 ,26.7 ,0.0 ,7 ,52.44 ,100.00 ,38.8 ,8304791.7 ,5097.0 ,37939.7 ,154.7 ,791.1 
2022,수원대학교,사립,경기,2130 ,1925 ,316 ,8587 ,12.6 ,100.0 ,63.5 ,176 ,33.38 ,69.60 ,54.9 ,3390514.3 ,7563.1 ,11109.3 ,11.9 ,97.8 
2022,숙명여자대학교,사립,서울,2150 ,2588 ,432 ,9830 ,12.7 ,100.0 ,66.9 ,371 ,29.68 ,75.35 ,57.0 ,3464251.4 ,8075.6 ,14812.9 ,12.3 ,102.3 
2022,순천대학교,국립,전남,1658 ,1560 ,323 ,6466 ,5.4 ,91.4 ,58.0 ,263 ,25.25 ,88.22 ,70.9 ,2807408.6 ,3949.9 ,17313.3 ,28.4 ,107.0 
2022,순천향대학교,사립,충남,2352 ,2553 ,930 ,10517 ,8.2 ,99.9 ,67.7 ,946 ,12.27 ,158.16 ,66.2 ,4025525.3 ,7830.4 ,22311.9 ,41.2 ,74.2 
2022,숭실대학교,사립,서울,2700 ,3346 ,510 ,13864 ,13.8 ,99.8 ,68.7 ,2056 ,27.91 ,64.64 ,60.6 ,3078858.3 ,7933.4 ,14194.8 ,11.5 ,71.9 
2022,신라대학교,사립,부산,1846 ,2111 ,309 ,7550 ,4.9 ,72.6 ,58.8 ,383 ,30.04 ,82.40 ,74.6 ,3656229.9 ,6749.2 ,10785.6 ,15.8 ,82.7 
2022,신한대학교-제2캠퍼스,사립,경기,1087 ,1169 ,138 ,4917 ,11.4 ,100.0 ,69.6 ,570 ,32.30 ,61.33 ,67.8 ,4012536.0 ,8595.1 ,0.0 ,5.5 ,0.0 
2022,신한대학교,사립,경기,318 ,318 ,88 ,1316 ,9.1 ,100.0 ,76.6 ,27 ,19.74 ,102.33 ,77.6 ,4175063.0 ,9120.2 ,13006.3 ,53.9 ,70.7 
2022,아신대학교,사립,경기,160 ,146 ,54 ,410 ,0.7 ,30.6 ,0.0 ,3 ,35.19 ,105.88 ,66.6 ,5505724.4 ,6569.9 ,9996.7 ,31.1 ,123.3 
2022,아주대학교,사립,경기,1876 ,2517 ,747 ,9705 ,17.5 ,99.9 ,72.4 ,925 ,18.41 ,99.47 ,68.2 ,3149467.5 ,8262.0 ,24883.6 ,31.8 ,84.9 
2022,안동대학교,국립,경북,1411 ,1313 ,272 ,4900 ,4.2 ,79.8 ,54.7 ,26 ,26.21 ,100.00 ,68.7 ,3178030.0 ,3751.2 ,18500.7 ,32.0 ,139.7 
2022,안양대학교,사립,경기,1009 ,1014 ,165 ,4283 ,9.5 ,99.6 ,62.9 ,37 ,31.12 ,73.99 ,70.8 ,3413101.9 ,7577.5 ,12981.6 ,1.9 ,97.8 
2022,안양대학교-제2캠퍼스,사립,인천,142 ,46 ,29 ,294 ,4.7 ,96.5 ,54.7 ,0 ,19.31 ,181.25 ,71.5 ,2925289.3 ,7881.0 ,0.0 ,78.2 ,0.0 
2022,연세대학교,사립,서울,3457 ,4351 ,1731 ,19239 ,10.7 ,99.7 ,71.4 ,4084 ,17.52 ,96.60 ,53.2 ,3565692.7 ,9152.1 ,36215.3 ,35.7 ,93.0 
2022,연세대학교(미래),사립,강원,1319 ,1781 ,400 ,6905 ,10.8 ,99.8 ,69.4 ,450 ,17.68 ,94.79 ,58.3 ,3260915.9 ,8451.3 ,22663.6 ,59.1 ,77.0 
2022,영남대학교,사립,경북,4587 ,5009 ,948 ,20009 ,6.5 ,99.9 ,52.1 ,846 ,24.82 ,84.57 ,64.9 ,3708260.8 ,7458.3 ,14187.5 ,14.0 ,82.1 
2022,영남신학대학교,사립,경북,115 ,106 ,26 ,395 ,1.5 ,87.0 ,57.1 ,22 ,36.38 ,76.47 ,67.1 ,4306170.7 ,6166.0 ,9282.3 ,53.7 ,191.4 
2022,영산대학교,사립,경남,575 ,571 ,102 ,2265 ,5.1 ,77.7 ,67.9 ,15 ,25.67 ,90.27 ,69.5 ,3909564.3 ,6762.1 ,11628.0 ,34.2 ,77.0 
2022,영산대학교-제2캠퍼스,사립,부산,831 ,843 ,135 ,3572 ,3.6 ,87.7 ,66.0 ,493 ,26.91 ,75.84 ,68.6 ,3494149.9 ,6412.2 ,0.0 ,21.2 ,0.0 
2022,영산선학대학교,사립,전남,50 ,6 ,11 ,38 ,0.2 ,16.0 ,0.0 ,3 ,18.18 ,550.00 ,100.0 ,3062121.2 ,2000.0 ,33721.5 ,310.5 ,1527.6 
2022,예수대학교,사립,전북,115 ,132 ,20 ,529 ,6.5 ,100.0 ,79.5 ,0 ,25.40 ,71.43 ,83.4 ,3808752.6 ,6816.1 ,11108.2 ,15.7 ,85.6 
2022,예원예술대학교-제2캠퍼스,사립,경기,89 ,85 ,20 ,364 ,5.6 ,94.4 ,50.8 ,14 ,26.25 ,60.61 ,70.4 ,2735395.3 ,8408.6 ,0.0 ,29.7 ,0.0 
2022,예원예술대학교,사립,전북,186 ,177 ,53 ,1062 ,3.3 ,98.9 ,61.7 ,506 ,16.81 ,92.98 ,49.5 ,3271137.0 ,8159.9 ,5724.4 ,0.0 ,22.0 
2022,용인대학교,사립,경기,1262 ,1347 ,203 ,5444 ,9.7 ,99.8 ,68.2 ,346 ,32.18 ,69.05 ,68.9 ,3438310.2 ,7684.1 ,10709.1 ,11.5 ,70.2 
2022,우석대학교,사립,전북,1735 ,1488 ,302 ,6893 ,4.9 ,78.8 ,65.5 ,721 ,26.33 ,74.94 ,77.2 ,3318131.5 ,6938.0 ,12173.8 ,27.7 ,99.7 
2022,우송대학교,사립,대전,2004 ,2234 ,305 ,9417 ,7.7 ,99.8 ,69.1 ,1957 ,27.39 ,63.41 ,60.5 ,3851782.9 ,7214.4 ,11165.3 ,20.4 ,63.5 
2022,울산과학기술원,특별법법인,울산,400 ,561 ,324 ,1754 ,13.9 ,102.0 ,70.6 ,141 ,17.66 ,125.10 ,82.5 ,6051373.5 ,6200.3 ,69270.0 ,78.9 ,66.8 
2022,울산대학교,사립,울산,2748 ,2962 ,1131 ,11361 ,5.1 ,98.8 ,55.6 ,402 ,12.53 ,161.57 ,55.8 ,2937520.8 ,7336.9 ,21180.0 ,20.9 ,74.6 
2022,원광대학교,사립,전북,3230 ,3674 ,732 ,13206 ,5.1 ,88.0 ,64.7 ,117 ,23.27 ,91.61 ,70.0 ,3425453.9 ,7493.1 ,13835.2 ,26.6 ,99.0 
2022,위덕대학교,사립,경북,756 ,598 ,112 ,2617 ,2.7 ,91.4 ,67.0 ,154 ,32.21 ,84.21 ,82.4 ,4194245.0 ,7345.7 ,11200.6 ,23.7 ,99.0 
2022,유원대학교,사립,충북,875 ,804 ,127 ,3331 ,4.7 ,99.8 ,67.6 ,324 ,29.02 ,79.87 ,62.7 ,4267847.8 ,7292.3 ,10347.3 ,37.2 ,124.6 
2022,을지대학교-제3캠퍼스,사립,경기,192 ,116 ,21 ,600 ,13.0 ,100.0 ,0.0 ,0 ,47.57 ,37.50 ,75.6 ,3896761.5 ,8227.8 ,0.0 ,25.8 ,0.0 
2022,을지대학교-제2캠퍼스,사립,경기,827 ,1035 ,124 ,3386 ,11.6 ,100.0 ,77.6 ,8 ,27.19 ,75.15 ,72.5 ,3464279.5 ,8405.5 ,0.0 ,14.8 ,0.0 
2022,을지대학교,사립,대전,40 ,49 ,317 ,281 ,15.5 ,100.0 ,87.3 ,3 ,0.76 ,1093.10 ,89.4 ,3928856.6 ,10387.7 ,22366.7 ,16.7 ,52.6 
2022,이화여자대학교,사립,서울,3127 ,3935 ,989 ,15281 ,8.8 ,99.6 ,64.9 ,1353 ,23.18 ,90.07 ,52.3 ,3319625.4 ,8690.0 ,19398.2 ,22.4 ,80.9 
2022,인제대학교-제2캠퍼스,사립,부산,0 ,0 ,0 ,0 ,0.0 ,0.0 ,0.0 ,0 ,0.00 ,0.00 ,0.0 ,0.0 ,0.0 ,0.0 ,13.5 ,0.0 
2022,인제대학교,사립,경남,1895 ,2107 ,967 ,7857 ,4.3 ,75.1 ,66.1 ,309 ,10.99 ,192.63 ,68.5 ,3508535.8 ,7261.4 ,17741.0 ,25.8 ,94.6 
2022,인천가톨릭대학교,사립,인천,13 ,22 ,19 ,55 ,1.5 ,92.3 ,0.0 ,2 ,6.37 ,475.00 ,71.7 ,7424701.5 ,5340.0 ,14470.4 ,27.0 ,169.4 
2022,인천가톨릭대학교-제2캠퍼스,사립,인천,153 ,149 ,26 ,643 ,6.8 ,100.0 ,73.1 ,0 ,32.42 ,68.42 ,56.5 ,3014307.7 ,8251.2 ,0.0 ,0.0 ,0.0 
2022,인천대학교,국립,인천,2492 ,3039 ,490 ,11342 ,9.3 ,100.0 ,67.0 ,352 ,24.57 ,80.99 ,58.8 ,3175316.0 ,4632.1 ,17315.0 ,25.9 ,102.1 
2022,인하대학교,사립,인천,3543 ,4164 ,859 ,17175 ,13.7 ,99.9 ,69.8 ,1664 ,22.31 ,83.40 ,64.1 ,3122474.3 ,7711.1 ,17512.4 ,13.1 ,80.1 
2022,장로회신학대학교,사립,서울,150 ,178 ,80 ,616 ,2.1 ,100.0 ,0.0 ,2 ,37.48 ,67.23 ,62.1 ,4295243.8 ,6615.2 ,11060.3 ,32.6 ,190.6 
2022,전남대학교,국립,광주,3417 ,3895 ,1139 ,16017 ,8.2 ,99.9 ,59.5 ,823 ,19.52 ,93.36 ,60.7 ,2693220.0 ,4167.6 ,21485.6 ,22.5 ,81.5 
2022,전남대학교-제2캠퍼스,국립,전남,831 ,499 ,146 ,2749 ,4.5 ,95.8 ,57.0 ,89 ,23.38 ,110.61 ,70.6 ,2921127.4 ,4089.9 ,0.0 ,34.9 ,0.0 
2022,전북대학교,국립,전북,3848 ,4231 ,1083 ,17561 ,7.9 ,99.6 ,59.1 ,1053 ,19.84 ,92.96 ,59.1 ,2717698.6 ,4415.2 ,19624.9 ,25.1 ,85.3 
2022,전주대학교,사립,전북,2557 ,2449 ,367 ,11256 ,4.7 ,97.7 ,58.0 ,965 ,31.16 ,64.73 ,75.4 ,3636818.9 ,7015.3 ,12985.6 ,17.0 ,59.0 
2022,제주국제대학교,사립,제주,370 ,258 ,58 ,518 ,0.5 ,16.2 ,66.8 ,96 ,38.67 ,165.71 ,68.7 ,3229936.0 ,5820.8 ,13871.7 ,28.7 ,93.7 
2022,제주대학교,국립,제주,2175 ,2102 ,648 ,9435 ,7.5 ,99.7 ,56.6 ,408 ,17.49 ,110.39 ,63.9 ,2608821.6 ,3927.2 ,20588.4 ,20.7 ,120.0 
2022,조선대학교,사립,광주,4367 ,4489 ,785 ,18341 ,5.3 ,99.6 ,56.8 ,361 ,27.16 ,77.65 ,73.8 ,3377054.8 ,7103.7 ,13693.0 ,12.7 ,70.4 
2022,중부대학교,사립,충남,1945 ,1665 ,297 ,7262 ,6.9 ,87.8 ,67.8 ,604 ,28.91 ,78.99 ,72.8 ,3791976.3 ,7239.6 ,9628.6 ,22.7 ,74.0 
2022,중앙대학교-제2캠퍼스,사립,경기,1208 ,1147 ,155 ,4965 ,8.0 ,99.8 ,69.1 ,838 ,36.35 ,56.36 ,36.5 ,3728192.5 ,8693.1 ,0.0 ,38.9 ,0.0 
2022,중앙대학교,사립,서울,3250 ,4879 ,969 ,18110 ,23.4 ,99.5 ,70.3 ,2616 ,21.72 ,80.02 ,69.3 ,3038468.6 ,7907.4 ,16068.8 ,12.9 ,78.6 
2022,중앙승가대학교,사립,경기,120 ,34 ,18 ,102 ,0.2 ,15.8 ,0.0 ,1 ,34.17 ,225.00 ,72.1 ,2007422.1 ,1760.0 ,22934.4 ,194.5 ,478.4 
2022,중원대학교,사립,충북,921 ,730 ,144 ,3590 ,3.0 ,84.0 ,69.3 ,47 ,26.64 ,75.00 ,73.2 ,4299912.5 ,7465.7 ,11007.6 ,82.0 ,51.9 
2022,차의과학대학교,사립,경기,504 ,552 ,473 ,2227 ,7.8 ,100.0 ,69.9 ,2 ,8.13 ,198.74 ,47.3 ,3792292.1 ,7140.8 ,33746.2 ,23.3 ,32.3 
2022,창신대학교,사립,경남,325 ,464 ,83 ,1658 ,9.4 ,100.0 ,67.8 ,192 ,26.27 ,88.30 ,63.0 ,4670582.0 ,6418.0 ,12858.4 ,52.0 ,77.5 
2022,창원대학교,국립,경남,1754 ,1820 ,346 ,7401 ,5.5 ,98.7 ,57.0 ,280 ,28.58 ,81.71 ,60.1 ,2725561.6 ,3894.1 ,17564.9 ,27.2 ,82.1 
2022,청주대학교,사립,충북,2652 ,2497 ,367 ,10582 ,5.3 ,99.6 ,66.0 ,374 ,31.16 ,68.47 ,72.5 ,3400210.2 ,7619.5 ,11438.4 ,21.3 ,114.1 
2022,초당대학교,사립,전남,752 ,688 ,119 ,3206 ,4.1 ,99.7 ,73.4 ,419 ,26.53 ,75.32 ,77.5 ,3783844.1 ,6639.1 ,11061.9 ,37.4 ,110.2 
2022,총신대학교,사립,서울,307 ,452 ,123 ,1466 ,3.9 ,100.0 ,63.8 ,78 ,33.39 ,73.65 ,68.5 ,4548991.6 ,6918.7 ,9500.4 ,55.4 ,188.7 
2022,추계예술대학교,사립,서울,250 ,298 ,56 ,1068 ,10.1 ,100.0 ,53.2 ,16 ,24.54 ,78.87 ,36.9 ,2958144.1 ,8778.9 ,14138.7 ,13.4 ,109.7 
2022,충남대학교,국립,대전,3598 ,3872 ,1029 ,16930 ,9.6 ,99.8 ,62.1 ,641 ,21.11 ,86.04 ,62.7 ,2316098.7 ,4361.2 ,19155.3 ,24.2 ,82.7 
2022,충북대학교,국립,충북,2806 ,3146 ,760 ,12818 ,11.2 ,99.9 ,57.8 ,657 ,21.56 ,85.68 ,62.5 ,2848088.9 ,4273.5 ,23082.2 ,27.1 ,84.0 
2022,칼빈대학교,사립,경기,90 ,146 ,34 ,429 ,1.9 ,100.0 ,75.0 ,115 ,21.62 ,68.00 ,44.9 ,3971596.7 ,7568.0 ,8385.5 ,52.2 ,124.4 
2022,탐라대학교,사립,제주,0 ,0 ,0 ,0 ,0.0 ,0.0 ,0.0 ,0 ,0.00 ,0.00 ,0.0 ,0.0 ,0.0 ,0.0 ,0.0 ,0.0 
2022,평택대학교,사립,경기,805 ,767 ,134 ,3269 ,7.3 ,99.5 ,62.4 ,288 ,31.69 ,77.91 ,71.6 ,3343543.9 ,7529.2 ,10450.0 ,33.4 ,106.2 
2022,포항공과대학교,사립,경북,320 ,317 ,283 ,1285 ,7.1 ,99.7 ,73.3 ,50 ,17.40 ,129.22 ,68.2 ,5701636.1 ,5613.5 ,108991.9 ,97.6 ,115.0 
2022,한경대학교,국립,경기,1081 ,1128 ,196 ,4969 ,7.5 ,99.6 ,67.9 ,133 ,25.94 ,73.41 ,59.4 ,2739357.9 ,4045.4 ,14443.8 ,25.2 ,88.5 
2022,한국공학대학교,사립,경기,1380 ,1655 ,257 ,7054 ,7.2 ,100.0 ,70.6 ,217 ,23.50 ,76.72 ,71.7 ,3397894.5 ,9034.6 ,17267.8 ,36.5 ,29.1 
2022,한국과학기술원,특별법법인,대전,970 ,688 ,666 ,3665 ,6.3 ,107.4 ,68.9 ,449 ,20.19 ,91.60 ,72.7 ,7016757.8 ,6866.0 ,86200.9 ,59.5 ,81.7 
2022,한국교원대학교,국립,충북,546 ,609 ,211 ,2298 ,7.4 ,100.0 ,55.3 ,1 ,35.21 ,67.85 ,56.0 ,2288062.5 ,3180.5 ,13523.4 ,60.8 ,121.6 
2022,한국교통대학교,국립,충북,1911 ,2037 ,332 ,7927 ,6.5 ,99.7 ,62.8 ,69 ,25.76 ,79.62 ,68.2 ,2940267.4 ,4108.4 ,17664.6 ,26.7 ,82.0 
2022,한국국제대학교,사립,경남,437 ,425 ,61 ,761 ,0.7 ,14.2 ,65.9 ,15 ,34.87 ,160.53 ,73.3 ,2597923.5 ,6436.1 ,0.0 ,236.0 ,225.8 
2022,한국기술교육대학교,사립,충남,836 ,916 ,192 ,4133 ,5.9 ,100.0 ,77.3 ,19 ,21.62 ,89.72 ,65.5 ,3467809.0 ,4516.1 ,41065.6 ,80.4 ,93.0 
2022,한국성서대학교,사립,서울,223 ,214 ,44 ,1025 ,7.0 ,100.0 ,78.2 ,116 ,27.23 ,77.19 ,75.2 ,4278437.4 ,7111.1 ,12592.0 ,15.7 ,133.4 
2022,한국에너지공과대학교,특별법법인,전남,100 ,0 ,43 ,105 ,31.2 ,98.0 ,0.0 ,0 ,11.05 ,477.78 ,92.4 ,0.0 ,9000.0 ,0.0 ,74.7 ,0.0 
2022,한국외국어대학교,사립,서울,3377 ,4043 ,644 ,16593 ,11.8 ,99.4 ,63.9 ,2567 ,28.80 ,75.76 ,48.1 ,2640784.6 ,7129.9 ,11655.8 ,18.8 ,101.5 
2022,한국전통문화대학교,국립,충남,140 ,146 ,37 ,591 ,6.8 ,100.0 ,60.6 ,3 ,28.00 ,73.47 ,36.5 ,2346660.2 ,3268.8 ,42257.4 ,87.5 ,353.3 
2022,한국체육대학교,국립,서울,535 ,601 ,121 ,2384 ,5.7 ,99.8 ,72.4 ,4 ,25.29 ,75.16 ,62.7 ,2965338.7 ,3859.7 ,14747.5 ,37.0 ,55.0 
2022,한국침례신학대학교,사립,대전,265 ,296 ,51 ,955 ,1.1 ,68.7 ,60.9 ,1 ,50.67 ,61.45 ,45.2 ,6297859.4 ,6029.7 ,10810.5 ,37.8 ,152.6 
2022,한국항공대학교,사립,경기,901 ,902 ,170 ,4075 ,9.9 ,99.8 ,67.1 ,91 ,24.66 ,72.03 ,73.9 ,3361592.7 ,8465.8 ,20044.6 ,17.1 ,72.5 
2022,한국해양대학교,국립,부산,1372 ,1538 ,279 ,6178 ,5.5 ,100.0 ,73.1 ,106 ,24.24 ,81.82 ,72.1 ,2477154.9 ,3725.4 ,18794.5 ,46.0 ,81.5 
2022,한남대학교,사립,대전,2755 ,2362 ,420 ,11168 ,4.9 ,100.0 ,63.7 ,721 ,29.48 ,74.60 ,73.3 ,3617860.4 ,7230.6 ,12570.2 ,12.9 ,83.4 
2022,한동대학교,사립,경북,729 ,838 ,153 ,3926 ,4.1 ,100.0 ,63.0 ,173 ,24.28 ,74.63 ,65.6 ,3932495.4 ,7079.1 ,17997.8 ,80.1 ,69.9 
2022,한라대학교,사립,강원,883 ,781 ,125 ,3156 ,2.5 ,56.5 ,64.0 ,231 ,28.20 ,85.03 ,76.0 ,3669982.3 ,7134.6 ,11780.6 ,20.2 ,72.7 
2022,한려대학교,사립,전남,0 ,0 ,0 ,0 ,0.0 ,0.0 ,67.3 ,0 ,0.00 ,0.00 ,0.0 ,0.0 ,0.0 ,0.0 ,0.0 ,0.0 
2022,한림대학교,사립,강원,1771 ,1863 ,763 ,7568 ,4.6 ,100.0 ,62.5 ,289 ,11.23 ,177.44 ,68.2 ,3565083.5 ,7483.3 ,25972.6 ,34.1 ,101.1 
2022,한밭대학교,국립,대전,1886 ,2101 ,291 ,8203 ,6.5 ,99.7 ,60.9 ,194 ,28.30 ,69.45 ,61.6 ,2723495.5 ,4470.0 ,16609.1 ,18.4 ,72.7 
2022,한북대학교,사립,경기,0 ,0 ,0 ,0 ,0.0 ,0.0 ,0.0 ,0 ,0.00 ,0.00 ,0.0 ,0.0 ,0.0 ,0.0 ,0.0 ,0.0 
2022,한서대학교,사립,충남,1579 ,1450 ,264 ,6542 ,6.2 ,94.7 ,67.6 ,245 ,26.31 ,75.86 ,81.7 ,3658221.3 ,7971.1 ,13342.2 ,30.3 ,99.2 
2022,한성대학교,사립,서울,1458 ,1480 ,265 ,6840 ,8.7 ,100.0 ,68.0 ,364 ,27.08 ,74.02 ,70.8 ,3430007.4 ,7741.8 ,12459.1 ,12.4 ,100.6 
2022,한세대학교,사립,경기,566 ,591 ,117 ,2494 ,10.6 ,100.0 ,71.4 ,23 ,30.46 ,78.00 ,54.2 ,4066370.3 ,8108.1 ,11482.9 ,14.4 ,113.0 
2022,한신대학교,사립,경기,1171 ,1080 ,182 ,5301 ,7.1 ,99.9 ,60.9 ,329 ,30.11 ,72.51 ,69.9 ,3234183.0 ,7194.2 ,10682.9 ,15.1 ,91.7 
2022,한양대학교,사립,서울,2906 ,3851 ,1138 ,15448 ,18.9 ,99.9 ,71.4 ,3147 ,20.01 ,88.56 ,63.6 ,3414158.3 ,8499.2 ,23407.9 ,11.4 ,75.6 
2022,한양대학교(ERICA),사립,경기,1910 ,2294 ,393 ,9707 ,15.3 ,99.9 ,69.5 ,1668 ,24.32 ,70.94 ,56.7 ,3805650.1 ,8470.8 ,21775.7 ,26.4 ,91.7 
2022,한일장신대학교,사립,전북,219 ,173 ,44 ,860 ,2.2 ,99.5 ,71.7 ,56 ,31.55 ,80.00 ,65.2 ,4856990.9 ,6413.0 ,10208.6 ,21.5 ,194.6 
2022,한중대학교,사립,강원,0 ,0 ,0 ,0 ,0.0 ,0.0 ,0.0 ,0 ,0.00 ,0.00 ,0.0 ,0.0 ,0.0 ,0.0 ,0.0 ,0.0 
2022,협성대학교,사립,경기,1004 ,979 ,149 ,4030 ,6.3 ,99.7 ,64.7 ,86 ,30.86 ,79.26 ,72.8 ,3825092.1 ,7390.2 ,11733.4 ,11.7 ,97.7 
2022,호남대학교,사립,광주,1562 ,1768 ,288 ,7002 ,5.4 ,95.4 ,68.3 ,795 ,24.95 ,75.00 ,88.1 ,3509054.0 ,6574.7 ,11759.7 ,21.8 ,95.2 
2022,호남신학대학교,사립,광주,119 ,96 ,37 ,494 ,1.4 ,100.0 ,58.7 ,0 ,33.62 ,86.05 ,49.3 ,4385336.4 ,6738.0 ,9000.5 ,35.9 ,250.5 
2022,호서대학교,사립,충남,2881 ,2908 ,510 ,11758 ,5.7 ,99.8 ,65.7 ,355 ,26.98 ,78.83 ,76.5 ,3516573.2 ,7761.6 ,12358.3 ,27.4 ,83.8 
2022,홍익대학교,사립,서울,2421 ,3065 ,553 ,12163 ,16.2 ,99.9 ,67.7 ,1668 ,26.86 ,65.68 ,69.7 ,3812880.3 ,8333.5 ,12700.2 ,13.2 ,90.0 
2022,홍익대학교-제2캠퍼스,사립,세종,1299 ,1439 ,197 ,5385 ,7.8 ,99.6 ,66.9 ,110 ,27.90 ,72.96 ,69.6 ,4235510.0 ,8444.5 ,0.0 ,24.9 ,0.0 
2022,화성의과학대학교,사립,경기,246 ,116 ,34 ,374 ,4.2 ,26.1 ,67.5 ,0 ,28.94 ,170.00 ,74.6 ,1021009.7 ,6970.5 ,9693.5 ,27.8 ,26.6 
2023,가야대학교(고령)-제2캠퍼스,사립,경북,0 ,0 ,0 ,0 ,0.0 ,0.0 ,0.0 ,0 ,0.00 ,0.00 ,0.0 ,0.0 ,,,,
2023,가야대학교(김해),사립,경남,460 ,523 ,76 ,1698 ,6.8 ,82.2 ,70.7 ,17 ,30.16 ,87.36 ,69.4 ,3774750.9 ,,,,
2023,가천대학교,사립,경기,4131 ,3846 ,938 ,20563 ,16.8 ,100.0 ,69.7 ,2743 ,19.99 ,82.43 ,61.2 ,3565844.8 ,,,,
2023,가톨릭관동대학교,사립,강원,1644 ,1768 ,389 ,5939 ,3.7 ,60.4 ,64.3 ,83 ,22.55 ,122.33 ,78.2 ,3715715.0 ,,,,
2023,가톨릭꽃동네대학교,사립,충북,108 ,92 ,23 ,411 ,7.5 ,97.3 ,79.8 ,2 ,25.30 ,95.83 ,72.6 ,5680676.4 ,,,,
2023,가톨릭대학교,사립,경기,1574 ,1501 ,268 ,7240 ,13.2 ,99.9 ,66.0 ,815 ,29.82 ,65.53 ,59.9 ,3425471.1 ,,,,
2023,가톨릭대학교-제2캠퍼스,사립,서울,173 ,178 ,981 ,903 ,34.5 ,100.0 ,91.5 ,0 ,2.79 ,521.81 ,81.6 ,2810683.7 ,,,,
2023,가톨릭대학교-제3캠퍼스,사립,서울,50 ,39 ,17 ,200 ,1.4 ,100.0 ,0.0 ,6 ,25.18 ,113.33 ,66.4 ,5638223.3 ,,,,
2023,감리교신학대학교,사립,서울,192 ,159 ,26 ,604 ,1.2 ,73.8 ,0.0 ,1 ,67.19 ,42.62 ,60.8 ,4677795.4 ,,,,
2023,강남대학교,사립,경기,1491 ,1532 ,232 ,6503 ,7.9 ,100.0 ,63.8 ,124 ,29.61 ,75.32 ,68.9 ,3638262.2 ,7535.1 ,12787.8 ,14.1 ,84.8 
2023,강서대학교,사립,서울,277 ,251 ,53 ,1644 ,13.7 ,100.0 ,70.0 ,516 ,25.66 ,68.83 ,58.3 ,3511847.4 ,7113.4 ,10033.7 ,12.5 ,67.3 
2023,강원대학교-제2캠퍼스,국립,강원,1369 ,1244 ,197 ,5224 ,4.6 ,99.6 ,68.3 ,40 ,32.60 ,70.61 ,59.1 ,3529316.7 ,4248.0 ,0.0 ,48.0 ,0.0 
2023,강원대학교,국립,강원,3156 ,2930 ,808 ,13807 ,7.9 ,100.0 ,62.0 ,393 ,20.78 ,93.19 ,60.5 ,2838582.8 ,4102.9 ,19895.9 ,27.9 ,75.8 
2023,건국대학교,사립,서울,3000 ,3412 ,623 ,15688 ,17.4 ,98.9 ,70.5 ,2185 ,30.47 ,59.16 ,60.5 ,3450271.2 ,8322.3 ,16669.5 ,19.1 ,59.0 
2023,건국대학교(글로컬),사립,충북,1569 ,1610 ,419 ,6844 ,9.7 ,99.6 ,66.6 ,96 ,17.17 ,109.11 ,61.9 ,4162872.7 ,8077.1 ,17740.6 ,31.7 ,99.7 
2023,건양대학교,사립,충남,757 ,660 ,110 ,2920 ,4.8 ,94.0 ,70.0 ,125 ,29.04 ,85.27 ,60.2 ,4117104.7 ,6418.1 ,16416.3 ,46.9 ,71.1 
2023,건양대학교-제2캠퍼스,사립,대전,866 ,815 ,256 ,3584 ,9.4 ,100.0 ,85.6 ,2 ,16.49 ,105.79 ,80.6 ,3736244.3 ,7225.9 ,0.0 ,33.4 ,0.0 
2023,경기대학교-제2캠퍼스,사립,서울,328 ,437 ,30 ,2103 ,18.9 ,99.4 ,67.1 ,564 ,50.60 ,40.14 ,52.8 ,3617158.3 ,7110.0 ,0.0 ,0.0 ,0.0 
2023,경기대학교,사립,경기,2598 ,2690 ,486 ,12050 ,9.3 ,99.6 ,66.2 ,980 ,27.45 ,72.17 ,64.2 ,3871556.9 ,7369.3 ,12363.9 ,17.8 ,87.3 
2023,경남과학기술대학교,국립,경남,0 ,1046 ,0 ,2641 ,0.0 ,0.0 ,58.8 ,0 ,0.00 ,0.00 ,65.6 ,2921282.4 ,3824.0 ,0.0 ,0.0 ,0.0 
2023,경남대학교,사립,경남,2060 ,2707 ,412 ,9551 ,4.4 ,86.0 ,65.6 ,297 ,28.89 ,82.73 ,78.0 ,3555427.6 ,6535.7 ,12662.1 ,16.4 ,90.2 
2023,경동대학교-제4캠퍼스,사립,경기,619 ,606 ,100 ,2546 ,6.6 ,100.0 ,74.8 ,177 ,26.37 ,84.75 ,82.4 ,3511654.0 ,7947.0 ,0.0 ,19.6 ,0.0 
2023,경동대학교,사립,강원,1 ,141 ,25 ,731 ,3.5 ,50.0 ,75.3 ,678 ,6.16 ,80.65 ,87.7 ,5562812.8 ,6790.8 ,10733.4 ,72.0 ,57.5 
2023,경동대학교-제2캠퍼스,사립,강원,0 ,0 ,0 ,0 ,0.0 ,0.0 ,0.0 ,0 ,0.00 ,0.00 ,0.0 ,0.0 ,0.0 ,0.0 ,0.0 ,0.0 
2023,경동대학교-제3캠퍼스,사립,강원,935 ,920 ,104 ,3783 ,5.5 ,96.5 ,83.8 ,0 ,36.89 ,55.32 ,76.8 ,3667930.9 ,8590.3 ,0.0 ,26.9 ,0.0 
2023,경북대학교,국립,대구,4659 ,4738 ,1396 ,21658 ,12.8 ,99.9 ,60.8 ,1371 ,20.22 ,92.01 ,61.0 ,2960376.9 ,4499.8 ,23839.2 ,23.3 ,129.1 
2023,경상국립대학교,국립,경남,4260 ,3026 ,1027 ,14990 ,6.6 ,99.7 ,53.7 ,205 ,18.78 ,112.90 ,70.5 ,2911049.1 ,4075.9 ,20126.8 ,27.4 ,82.3 
2023,경성대학교,사립,부산,2765 ,2698 ,403 ,11870 ,6.3 ,99.3 ,57.0 ,1084 ,30.86 ,69.84 ,70.2 ,3552840.1 ,6576.5 ,10737.7 ,11.9 ,78.8 
2023,경운대학교,사립,경북,1184 ,972 ,176 ,4390 ,5.0 ,99.1 ,72.0 ,192 ,28.27 ,77.53 ,71.9 ,4792321.2 ,7714.2 ,13328.9 ,33.4 ,103.8 
2023,경일대학교,사립,경북,1551 ,1469 ,262 ,6801 ,4.5 ,89.3 ,66.0 ,374 ,25.12 ,77.29 ,86.9 ,4392618.4 ,7376.0 ,12212.5 ,22.9 ,75.5 
2023,경희대학교,사립,서울,4830 ,6247 ,1396 ,25960 ,15.6 ,99.7 ,70.7 ,4302 ,20.76 ,75.79 ,58.9 ,3273417.7 ,7991.4 ,17304.6 ,17.1 ,77.6 
2023,계명대학교,사립,대구,4620 ,4829 ,844 ,20789 ,7.0 ,100.0 ,59.7 ,1719 ,26.34 ,77.01 ,73.1 ,4068575.6 ,7279.4 ,14145.5 ,13.3 ,92.1 
2023,고려대학교,사립,서울,3884 ,4391 ,1525 ,20373 ,10.4 ,99.8 ,70.9 ,3358 ,20.37 ,94.37 ,53.3 ,3519182.9 ,8335.4 ,32087.3 ,12.0 ,110.6 
2023,고려대학교(세종),사립,세종,1449 ,1450 ,259 ,6574 ,10.4 ,100.0 ,67.4 ,474 ,26.49 ,71.55 ,65.6 ,3643707.1 ,8473.5 ,19593.4 ,36.3 ,64.2 
2023,고신대학교,사립,부산,861 ,743 ,283 ,3250 ,5.8 ,83.1 ,70.9 ,52 ,19.00 ,123.58 ,69.1 ,4161363.5 ,6654.0 ,14969.6 ,43.1 ,103.0 
2023,광신대학교,사립,광주,122 ,110 ,50 ,454 ,1.5 ,100.0 ,58.5 ,32 ,27.60 ,100.00 ,67.2 ,4924412.2 ,5967.8 ,9357.0 ,24.0 ,177.2 
2023,광운대학교,사립,서울,1684 ,1913 ,323 ,8447 ,13.0 ,99.9 ,68.2 ,989 ,28.29 ,67.57 ,65.5 ,3202615.4 ,7885.0 ,15735.0 ,12.2 ,82.6 
2023,광주가톨릭대학교,사립,전남,40 ,16 ,16 ,58 ,0.4 ,32.5 ,0.0 ,0 ,15.63 ,320.00 ,82.4 ,0.0 ,0.0 ,25681.5 ,234.7 ,2515.7 
2023,광주과학기술원,특별법법인,광주,200 ,139 ,188 ,833 ,19.3 ,107.0 ,57.4 ,34 ,13.83 ,136.23 ,58.6 ,6409258.6 ,2060.0 ,94641.1 ,99.8 ,98.2 
2023,광주대학교,사립,광주,1423 ,1463 ,230 ,5710 ,4.6 ,86.2 ,64.4 ,320 ,29.37 ,79.58 ,76.0 ,4233582.9 ,6591.9 ,12537.6 ,28.6 ,97.2 
2023,광주여자대학교,사립,광주,912 ,938 ,127 ,3559 ,3.6 ,96.5 ,66.7 ,883 ,30.76 ,70.95 ,69.9 ,4716962.3 ,6303.4 ,11180.3 ,30.4 ,80.4 
2023,국립강릉원주대학교,국립,강원,1195 ,1181 ,276 ,5054 ,5.5 ,99.2 ,57.4 ,247 ,22.74 ,97.53 ,59.9 ,3154484.3 ,4253.3 ,17892.7 ,43.2 ,102.6 
2023,국립강릉원주대학교-제2캠퍼스,국립,강원,485 ,456 ,94 ,2098 ,6.2 ,99.8 ,65.1 ,7 ,24.18 ,85.45 ,84.1 ,3269623.3 ,4288.4 ,0.0 ,29.8 ,0.0 
2023,국립공주대학교,국립,충남,2815 ,2879 ,569 ,12167 ,7.9 ,99.9 ,62.1 ,258 ,26.65 ,78.31 ,67.6 ,2793194.7 ,3828.3 ,16160.4 ,32.7 ,87.4 
2023,국립군산대학교,국립,전북,1683 ,1451 ,332 ,6367 ,4.3 ,95.6 ,61.6 ,322 ,25.36 ,91.46 ,72.9 ,2919776.4 ,3918.3 ,18442.2 ,23.3 ,98.9 
2023,국립금오공과대학교,국립,경북,1214 ,1250 ,232 ,4994 ,5.2 ,99.8 ,66.2 ,95 ,26.61 ,78.20 ,70.9 ,2995739.0 ,3765.6 ,18692.7 ,36.3 ,97.9 
2023,국립목포대학교,국립,전남,1485 ,1433 ,289 ,5929 ,5.0 ,86.7 ,63.8 ,166 ,27.54 ,94.14 ,70.5 ,3628123.2 ,3887.2 ,21527.6 ,26.9 ,92.9 
2023,국립목포해양대학교,국립,전남,659 ,510 ,124 ,2503 ,4.5 ,96.4 ,81.6 ,7 ,23.61 ,92.54 ,77.3 ,2515252.9 ,3404.8 ,22620.9 ,85.2 ,94.4 
2023,국립부경대학교,국립,부산,3270 ,3451 ,615 ,15304 ,7.8 ,99.5 ,57.5 ,1062 ,27.61 ,69.65 ,67.0 ,2915728.8 ,4035.5 ,17819.2 ,25.3 ,76.2 
2023,국립순천대학교,국립,전남,1638 ,1407 ,318 ,6522 ,5.7 ,96.8 ,59.0 ,288 ,25.78 ,87.09 ,67.6 ,2958582.1 ,3951.4 ,18789.0 ,29.3 ,112.6 
2023,국립안동대학교,국립,경북,1370 ,1287 ,271 ,4837 ,4.4 ,86.6 ,58.2 ,30 ,25.89 ,100.37 ,69.1 ,3431488.7 ,3748.9 ,19916.1 ,30.3 ,154.0 
2023,국립창원대학교,국립,경남,1754 ,1719 ,347 ,7481 ,6.4 ,98.2 ,60.1 ,283 ,28.52 ,80.80 ,61.0 ,2934687.2 ,3876.8 ,20671.3 ,26.9 ,88.4 
2023,국립한국교통대학교,국립,충북,1911 ,1874 ,321 ,7934 ,5.1 ,99.8 ,66.8 ,77 ,26.64 ,77.16 ,63.3 ,2963403.2 ,4110.2 ,18876.4 ,23.2 ,88.7 
2023,국립한국해양대학교,국립,부산,1372 ,1419 ,279 ,6167 ,5.4 ,100.1 ,75.8 ,187 ,23.77 ,82.06 ,68.7 ,2777533.3 ,3723.6 ,21360.3 ,44.3 ,85.4 
2023,국립한밭대학교,국립,대전,1886 ,1891 ,300 ,8320 ,7.0 ,99.6 ,64.4 ,377 ,27.55 ,70.42 ,61.9 ,2888943.9 ,4471.0 ,17261.2 ,17.3 ,77.6 
2023,국민대학교,사립,서울,2966 ,3518 ,663 ,14799 ,9.8 ,100.0 ,70.5 ,1951 ,24.42 ,72.70 ,65.2 ,3807968.8 ,7976.0 ,16730.3 ,11.7 ,81.3 
2023,극동대학교,사립,충북,888 ,834 ,133 ,2763 ,3.6 ,57.9 ,70.9 ,259 ,29.16 ,90.48 ,67.1 ,4130164.9 ,7581.2 ,11809.8 ,38.0 ,106.7 
2023,금강대학교,사립,충남,110 ,79 ,15 ,188 ,0.9 ,51.8 ,52.1 ,1 ,32.53 ,166.67 ,28.5 ,8587322.4 ,6598.0 ,33176.5 ,154.9 ,610.9 
2023,김천대학교,사립,경북,634 ,621 ,104 ,2305 ,4.6 ,85.2 ,73.1 ,439 ,27.34 ,87.39 ,68.6 ,4538808.1 ,7114.5 ,11829.3 ,54.2 ,123.4 
2023,나사렛대학교,사립,충남,1211 ,1101 ,173 ,4808 ,5.5 ,96.6 ,68.3 ,279 ,30.49 ,75.55 ,81.6 ,4536246.0 ,7207.4 ,12111.6 ,22.9 ,83.3 
2023,남부대학교,사립,광주,617 ,772 ,115 ,2849 ,5.3 ,97.6 ,74.0 ,343 ,27.46 ,72.33 ,65.1 ,3842702.1 ,6545.4 ,12250.2 ,33.5 ,38.6 
2023,남서울대학교,사립,충남,2187 ,2168 ,317 ,8962 ,9.5 ,100.0 ,67.9 ,1219 ,28.94 ,69.98 ,63.9 ,4095772.1 ,7924.0 ,12712.9 ,14.3 ,94.7 
2023,단국대학교,사립,경기,2275 ,2786 ,500 ,11510 ,13.5 ,100.0 ,65.3 ,945 ,28.72 ,69.74 ,58.3 ,3384183.2 ,8073.4 ,15332.3 ,18.6 ,77.7 
2023,단국대학교-제2캠퍼스,사립,충남,2355 ,2582 ,520 ,10713 ,8.6 ,100.0 ,67.5 ,174 ,21.56 ,84.14 ,60.7 ,3670683.7 ,8223.0 ,0.0 ,19.8 ,0.0 
2023,대구가톨릭대학교,사립,경북,2494 ,2448 ,570 ,10980 ,6.3 ,97.8 ,62.7 ,208 ,23.88 ,92.08 ,69.5 ,4168100.5 ,7257.4 ,13407.0 ,24.2 ,107.6 
2023,대구경북과학기술원,특별법법인,대구,220 ,163 ,136 ,833 ,18.7 ,96.8 ,64.6 ,0 ,17.49 ,121.43 ,68.7 ,2741536.9 ,7280.0 ,104124.6 ,109.6 ,153.8 
2023,대구대학교,사립,경북,3850 ,3857 ,546 ,15756 ,5.2 ,96.3 ,59.3 ,1415 ,33.10 ,68.85 ,76.1 ,4303730.3 ,6922.8 ,13467.6 ,26.0 ,92.0 
2023,대구예술대학교,사립,경북,330 ,199 ,29 ,429 ,1.2 ,21.4 ,53.0 ,35 ,50.93 ,131.82 ,47.1 ,4040966.7 ,8307.2 ,13171.1 ,42.0 ,207.2 
2023,대구외국어대학교,사립,경북,0 ,0 ,0 ,0 ,0.0 ,0.0 ,0.0 ,0 ,0.00 ,0.00 ,0.0 ,0.0 ,0.0 ,0.0 ,0.0 ,0.0 
2023,대구한의대학교,사립,경북,1488 ,1477 ,230 ,6350 ,5.9 ,97.3 ,66.4 ,822 ,29.41 ,63.54 ,76.3 ,4357706.8 ,7270.1 ,14551.6 ,14.3 ,103.0 
2023,대신대학교,사립,경북,116 ,98 ,28 ,436 ,2.4 ,100.0 ,56.3 ,72 ,28.61 ,83.87 ,56.2 ,5566530.1 ,6545.7 ,11929.4 ,24.8 ,190.1 
2023,대전가톨릭대학교,사립,세종,40 ,5 ,11 ,35 ,0.2 ,20.0 ,0.0 ,2 ,26.82 ,366.67 ,55.4 ,4203281.3 ,5760.0 ,61978.8 ,910.5 ,2810.4 
2023,대전대학교,사립,대전,1857 ,1899 ,315 ,8295 ,6.8 ,98.3 ,67.1 ,505 ,28.86 ,70.00 ,67.5 ,3872948.8 ,7383.0 ,14410.4 ,26.4 ,94.3 
2023,대전신학대학교,사립,대전,32 ,16 ,8 ,41 ,0.3 ,18.8 ,0.0 ,0 ,47.88 ,100.00 ,60.8 ,5955579.7 ,5956.0 ,20194.6 ,24.4 ,556.4 
2023,대진대학교,사립,경기,1703 ,1556 ,256 ,7118 ,7.7 ,99.9 ,67.9 ,256 ,30.33 ,71.91 ,70.6 ,4133487.3 ,7256.0 ,13043.5 ,20.1 ,95.2 
2023,덕성여자대학교,사립,서울,1120 ,1411 ,209 ,5385 ,15.5 ,100.0 ,61.6 ,483 ,24.52 ,79.47 ,67.7 ,3142558.1 ,7187.6 ,14063.2 ,15.3 ,141.0 
2023,동국대학교,사립,서울,2778 ,3488 ,681 ,13416 ,19.0 ,100.0 ,69.7 ,1833 ,24.69 ,76.09 ,59.3 ,3556377.6 ,8006.8 ,17522.0 ,13.8 ,98.6 
2023,동국대학교(WISE),사립,경북,1754 ,1634 ,319 ,6873 ,6.7 ,99.8 ,64.4 ,181 ,25.01 ,85.29 ,60.0 ,3970731.1 ,7938.4 ,15115.1 ,25.9 ,105.5 
2023,동덕여자대학교,사립,서울,1577 ,1564 ,223 ,6981 ,12.9 ,99.8 ,68.0 ,225 ,31.07 ,65.59 ,75.3 ,3487172.1 ,7456.3 ,11720.4 ,11.7 ,79.4 
2023,동명대학교,사립,부산,1618 ,1637 ,246 ,6986 ,5.1 ,87.0 ,65.4 ,539 ,29.20 ,68.91 ,72.5 ,4385063.8 ,7035.4 ,13614.9 ,14.0 ,88.8 
2023,동서대학교,사립,부산,2094 ,2173 ,347 ,8978 ,5.4 ,90.2 ,66.5 ,930 ,26.85 ,78.68 ,72.1 ,4055175.0 ,6907.3 ,12521.1 ,23.1 ,89.4 
2023,동신대학교,사립,전남,1508 ,1542 ,249 ,5740 ,3.7 ,91.3 ,68.8 ,374 ,27.82 ,73.45 ,81.2 ,4432337.7 ,6707.6 ,14136.0 ,19.9 ,94.1 
2023,동아대학교,사립,부산,4058 ,4178 ,779 ,17869 ,6.5 ,99.9 ,59.1 ,937 ,25.80 ,81.15 ,68.7 ,3815686.5 ,7078.8 ,13690.2 ,13.0 ,72.7 
2023,동양대학교,사립,경북,990 ,733 ,139 ,3893 ,4.4 ,100.0 ,64.1 ,149 ,31.23 ,70.20 ,76.1 ,3915980.3 ,7233.4 ,11528.3 ,53.8 ,92.5 
2023,동의대학교,사립,부산,3617 ,3406 ,556 ,14267 ,5.0 ,98.2 ,62.1 ,175 ,28.37 ,76.58 ,81.7 ,3867194.7 ,6616.5 ,11703.3 ,21.5 ,84.1 
2023,루터대학교,사립,경기,85 ,78 ,16 ,346 ,3.6 ,100.0 ,74.6 ,1 ,27.31 ,88.89 ,64.1 ,4267816.8 ,6334.5 ,14370.8 ,27.1 ,113.3 
2023,명지대학교,사립,경기,1264 ,1571 ,266 ,6072 ,9.1 ,99.9 ,72.2 ,431 ,24.83 ,74.72 ,65.9 ,3574478.6 ,9158.0 ,12881.4 ,30.7 ,105.9 
2023,명지대학교-제2캠퍼스,사립,서울,1263 ,1992 ,240 ,7674 ,10.3 ,99.8 ,67.2 ,1934 ,32.52 ,62.50 ,59.4 ,3421279.3 ,6994.4 ,0.0 ,11.9 ,0.0 
2023,목원대학교,사립,대전,1815 ,1469 ,276 ,7041 ,5.6 ,100.0 ,62.2 ,750 ,30.38 ,74.80 ,54.6 ,4212403.5 ,7297.3 ,11859.7 ,21.0 ,92.8 
2023,목포가톨릭대학교,사립,전남,120 ,116 ,18 ,509 ,4.7 ,95.8 ,81.0 ,1 ,26.67 ,72.00 ,70.1 ,4946391.4 ,6539.0 ,14481.9 ,39.9 ,107.1 
2023,배재대학교,사립,대전,1845 ,1592 ,279 ,7589 ,5.8 ,98.6 ,63.4 ,518 ,31.61 ,71.91 ,73.5 ,3716750.6 ,7282.1 ,12097.0 ,22.2 ,95.2 
2023,백석대학교,사립,충남,2890 ,2817 ,477 ,11632 ,6.9 ,100.0 ,67.6 ,244 ,30.78 ,70.67 ,75.1 ,3700678.3 ,7917.5 ,11972.2 ,14.7 ,86.2 
2023,부산가톨릭대학교,사립,부산,735 ,945 ,138 ,3534 ,7.2 ,95.8 ,74.1 ,237 ,27.04 ,74.19 ,81.8 ,4697372.4 ,6850.8 ,12517.1 ,13.8 ,104.3 
2023,부산대학교,국립,부산,4291 ,4278 ,1425 ,19759 ,10.7 ,99.8 ,61.1 ,1114 ,20.60 ,89.62 ,58.2 ,2959075.4 ,4464.8 ,23129.9 ,20.8 ,94.8 
2023,부산외국어대학교,사립,부산,1470 ,1546 ,237 ,6735 ,4.4 ,99.7 ,60.1 ,1003 ,31.83 ,75.00 ,69.2 ,3266689.9 ,6280.8 ,10396.3 ,23.2 ,118.2 
2023,부산장신대학교,사립,경남,32 ,50 ,17 ,133 ,1.7 ,100.0 ,75.0 ,1 ,31.88 ,100.00 ,79.2 ,5902532.8 ,5815.1 ,13750.0 ,65.8 ,222.9 
2023,삼육대학교,사립,서울,1137 ,1286 ,215 ,5445 ,13.6 ,100.0 ,69.0 ,271 ,24.93 ,69.81 ,60.9 ,4161127.2 ,7830.3 ,14992.0 ,22.1 ,87.4 
2023,상명대학교,사립,서울,1379 ,1462 ,266 ,6322 ,9.7 ,99.9 ,64.5 ,418 ,25.66 ,74.93 ,82.8 ,3598741.8 ,7773.5 ,14775.5 ,8.7 ,89.5 
2023,상명대학교-제2캠퍼스,사립,충남,1367 ,1369 ,215 ,5551 ,8.2 ,100.0 ,67.6 ,103 ,25.26 ,75.70 ,84.9 ,4024013.4 ,8148.7 ,0.0 ,19.1 ,0.0 
2023,상지대학교,사립,강원,1758 ,1242 ,254 ,6320 ,5.0 ,86.0 ,69.9 ,146 ,35.77 ,77.68 ,72.0 ,3307329.7 ,7245.3 ,12157.0 ,27.8 ,110.8 
2023,서강대학교,사립,서울,1602 ,1886 ,413 ,8100 ,18.7 ,99.1 ,73.9 ,2066 ,31.32 ,69.06 ,60.2 ,2911339.3 ,8000.0 ,19196.0 ,12.4 ,120.5 
2023,서경대학교,사립,서울,1309 ,1362 ,255 ,6660 ,16.8 ,100.0 ,72.6 ,753 ,22.10 ,77.04 ,66.3 ,3561324.3 ,7966.2 ,12727.9 ,11.1 ,94.2 
2023,서남대학교,사립,전북,0 ,0 ,0 ,0 ,0.0 ,0.0 ,0.0 ,0 ,0.00 ,0.00 ,0.0 ,0.0 ,0.0 ,0.0 ,0.0 ,0.0 
2023,서남대학교-제2캠퍼스,사립,충남,0 ,0 ,0 ,0 ,0.0 ,0.0 ,0.0 ,0 ,0.00 ,0.00 ,0.0 ,0.0 ,0.0 ,0.0 ,0.0 ,0.0 
2023,서울과학기술대학교,국립,서울,2148 ,2163 ,419 ,10115 ,12.4 ,100.0 ,71.5 ,669 ,25.85 ,68.35 ,62.0 ,3180992.5 ,5465.4 ,18312.7 ,22.2 ,69.7 
2023,서울기독대학교,사립,서울,136 ,95 ,27 ,413 ,3.4 ,86.0 ,55.6 ,3 ,35.37 ,96.43 ,50.2 ,3539729.4 ,7468.5 ,10904.3 ,16.4 ,99.7 
2023,서울대학교,국립,서울,3233 ,3113 ,2308 ,16662 ,5.4 ,100.0 ,70.3 ,1452 ,13.32 ,119.28 ,49.4 ,3241590.9 ,6011.7 ,58038.7 ,24.5 ,192.6 
2023,서울시립대학교,국립,서울,1727 ,1951 ,450 ,8697 ,13.3 ,100.0 ,70.4 ,737 ,24.57 ,78.84 ,53.4 ,2137176.7 ,2395.9 ,18447.8 ,11.4 ,102.7 
2023,서울신학대학교,사립,경기,457 ,496 ,103 ,2015 ,5.6 ,100.0 ,65.3 ,209 ,31.32 ,77.44 ,65.4 ,5349776.2 ,7209.3 ,12445.1 ,14.3 ,127.2 
2023,서울여자대학교,사립,서울,1670 ,1516 ,232 ,7018 ,15.9 ,100.1 ,67.2 ,526 ,31.51 ,70.09 ,62.2 ,3721606.3 ,7593.3 ,12900.8 ,12.2 ,102.3 
2023,서울장신대학교,사립,경기,104 ,110 ,35 ,275 ,1.8 ,70.2 ,73.1 ,1 ,27.06 ,112.90 ,64.7 ,6070921.0 ,7349.2 ,12532.5 ,62.4 ,201.7 
2023,서울한영대학교,사립,서울,180 ,143 ,33 ,623 ,5.8 ,96.2 ,66.9 ,0 ,30.88 ,78.57 ,59.1 ,4287963.5 ,6979.6 ,9242.6 ,15.3 ,149.6 
2023,서원대학교,사립,충북,1622 ,1483 ,231 ,6571 ,6.0 ,100.0 ,60.3 ,145 ,29.47 ,75.00 ,79.4 ,4094440.4 ,6954.3 ,12874.8 ,14.9 ,113.4 
2023,선문대학교,사립,충남,2053 ,1928 ,294 ,9010 ,4.7 ,100.3 ,74.3 ,1607 ,31.38 ,67.12 ,61.8 ,4394585.5 ,7598.5 ,14800.9 ,38.5 ,82.2 
2023,성결대학교,사립,경기,1228 ,1118 ,187 ,5345 ,9.3 ,99.9 ,66.6 ,237 ,31.18 ,73.62 ,61.9 ,3506122.9 ,7251.3 ,12096.3 ,11.6 ,104.9 
2023,성공회대학교,사립,서울,502 ,382 ,82 ,2038 ,5.9 ,100.0 ,60.3 ,24 ,32.99 ,78.85 ,60.7 ,4299305.1 ,7089.4 ,12375.7 ,21.1 ,121.1 
2023,성균관대학교,사립,서울,3335 ,4122 ,1520 ,19487 ,18.8 ,99.8 ,76.5 ,3927 ,16.70 ,103.83 ,57.6 ,3287133.6 ,8448.6 ,30169.1 ,20.5 ,85.0 
2023,성신여자대학교,사립,서울,2195 ,1979 ,312 ,9229 ,11.9 ,99.7 ,62.0 ,510 ,31.79 ,65.14 ,51.2 ,3739463.2 ,7935.8 ,12706.3 ,10.3 ,96.0 
2023,세명대학교,사립,충북,1603 ,1609 ,262 ,6453 ,4.9 ,84.7 ,68.7 ,198 ,29.52 ,77.51 ,73.2 ,4311378.0 ,6915.8 ,13598.6 ,49.7 ,93.1 
2023,세종대학교,사립,서울,2360 ,2698 ,555 ,12414 ,17.5 ,100.0 ,67.9 ,1704 ,23.67 ,72.45 ,65.9 ,3289039.6 ,7944.9 ,16929.0 ,11.1 ,67.5 
2023,세한대학교,사립,전남,817 ,760 ,121 ,3454 ,3.7 ,99.6 ,68.5 ,35 ,28.65 ,62.69 ,59.2 ,3490978.3 ,7090.9 ,8821.8 ,33.5 ,92.5 
2023,송원대학교,사립,광주,685 ,670 ,103 ,2850 ,4.2 ,99.1 ,69.3 ,451 ,28.79 ,72.54 ,73.2 ,4156494.5 ,6584.5 ,12547.4 ,15.1 ,84.9 
2023,수원가톨릭대학교,사립,경기,90 ,27 ,10 ,120 ,0.3 ,33.3 ,0.0 ,6 ,47.20 ,88.89 ,44.9 ,8585832.8 ,5097.0 ,41278.1 ,141.5 ,934.5 
2023,수원대학교,사립,경기,2130 ,1785 ,329 ,8512 ,12.9 ,100.0 ,67.4 ,96 ,31.89 ,73.44 ,53.9 ,3703523.1 ,7557.8 ,12239.7 ,12.0 ,99.1 
2023,숙명여자대학교,사립,서울,2180 ,2180 ,422 ,10348 ,12.1 ,100.0 ,66.1 ,262 ,30.04 ,71.24 ,55.1 ,3560185.2 ,8137.8 ,16011.8 ,11.8 ,105.1 
2023,순천향대학교,사립,충남,2352 ,2575 ,945 ,11087 ,7.5 ,100.0 ,70.5 ,834 ,12.07 ,154.16 ,67.4 ,4155414.8 ,7873.1 ,22868.3 ,39.0 ,79.9 
2023,숭실대학교,사립,서울,2700 ,3087 ,507 ,14411 ,13.5 ,99.4 ,71.0 ,1924 ,28.06 ,62.29 ,60.7 ,3223748.0 ,7979.9 ,14230.0 ,11.0 ,72.6 
2023,신경주대학교,사립,경북,762 ,196 ,45 ,800 ,1.3 ,57.3 ,71.1 ,86 ,75.00 ,100.00 ,52.8 ,4180212.2 ,7215.6 ,11356.4 ,50.2 ,537.8 
2023,신라대학교,사립,부산,1720 ,1778 ,289 ,6928 ,5.4 ,80.1 ,60.3 ,436 ,30.62 ,81.87 ,75.2 ,4016784.3 ,6738.1 ,11312.5 ,17.0 ,92.2 
2023,신한대학교-제2캠퍼스,사립,경기,1285 ,1283 ,146 ,4958 ,11.8 ,100.0 ,69.4 ,561 ,31.55 ,63.76 ,68.0 ,4382027.2 ,8695.3 ,0.0 ,5.4 ,0.0 
2023,신한대학교,사립,경기,120 ,324 ,79 ,1110 ,13.5 ,100.0 ,72.9 ,18 ,19.51 ,95.18 ,78.8 ,4433215.6 ,9163.6 ,13689.9 ,63.7 ,76.5 
2023,아신대학교,사립,경기,130 ,125 ,53 ,347 ,1.0 ,47.7 ,0.0 ,2 ,34.15 ,115.22 ,73.1 ,5268074.8 ,6568.3 ,11177.7 ,36.1 ,142.1 
2023,아주대학교,사립,경기,1936 ,2286 ,746 ,9825 ,17.4 ,99.9 ,75.4 ,1300 ,18.39 ,99.20 ,67.9 ,3364888.1 ,8312.5 ,27183.8 ,30.6 ,83.4 
2023,안양대학교,사립,경기,982 ,958 ,163 ,4352 ,10.7 ,99.9 ,66.0 ,28 ,31.81 ,69.96 ,71.4 ,3750558.0 ,7622.8 ,13166.3 ,6.8 ,98.2 
2023,안양대학교-제2캠퍼스,사립,인천,149 ,50 ,27 ,310 ,5.3 ,90.7 ,75.0 ,1 ,21.56 ,158.82 ,80.2 ,3802697.8 ,8114.8 ,0.0 ,80.0 ,0.0 
2023,연세대학교,사립,서울,3471 ,4030 ,1746 ,20335 ,9.1 ,99.6 ,70.9 ,4142 ,17.37 ,94.43 ,51.7 ,3647194.7 ,9203.8 ,39943.1 ,35.7 ,93.5 
2023,연세대학교(미래),사립,강원,1319 ,1732 ,396 ,6941 ,10.5 ,100.0 ,71.7 ,482 ,17.21 ,92.31 ,58.1 ,3576679.4 ,8525.3 ,24500.6 ,57.8 ,80.9 
2023,영남대학교,사립,경북,4587 ,4857 ,924 ,20332 ,6.4 ,99.8 ,55.9 ,935 ,25.43 ,81.91 ,65.3 ,4081332.2 ,7461.5 ,15389.5 ,13.8 ,83.5 
2023,영남신학대학교,사립,경북,115 ,104 ,27 ,329 ,1.5 ,99.1 ,57.1 ,10 ,34.59 ,93.10 ,65.3 ,5208379.7 ,6166.0 ,9937.7 ,70.5 ,210.5 
2023,영산대학교(양산)-제2캠퍼스,사립,경남,0 ,0 ,0 ,0 ,0.0 ,0.0 ,0.0 ,0 ,0.00 ,0.00 ,0.0 ,0.0 ,0.0 ,0.0 ,0.0 ,0.0 
2023,영산대학교(해운대),사립,부산,0 ,0 ,0 ,0 ,0.0 ,0.0 ,0.0 ,0 ,0.00 ,0.00 ,0.0 ,0.0 ,0.0 ,0.0 ,0.0 ,0.0 
2023,영산선학대학교,사립,전남,50 ,7 ,11 ,34 ,0.0 ,4.0 ,0.0 ,3 ,18.18 ,550.00 ,100.0 ,3291428.6 ,2000.0 ,28809.4 ,347.1 ,1366.8 
2023,예수대학교,사립,전북,115 ,146 ,20 ,491 ,6.9 ,100.0 ,75.2 ,0 ,25.40 ,76.92 ,79.5 ,3766452.7 ,6846.2 ,12521.6 ,16.9 ,94.2 
2023,예원예술대학교-제2캠퍼스,사립,경기,89 ,74 ,18 ,324 ,5.6 ,91.0 ,69.6 ,30 ,28.61 ,64.29 ,68.9 ,3496873.9 ,8501.6 ,0.0 ,30.7 ,0.0 
2023,예원예술대학교,사립,전북,142 ,196 ,47 ,872 ,3.0 ,78.2 ,56.0 ,370 ,17.57 ,102.17 ,52.1 ,3463650.3 ,8280.4 ,5831.0 ,0.0 ,25.1 
2023,용인대학교,사립,경기,1262 ,1339 ,202 ,5442 ,7.4 ,100.0 ,67.5 ,326 ,31.64 ,68.71 ,66.7 ,3769732.7 ,7735.7 ,12443.6 ,12.8 ,74.7 
2023,우석대학교,사립,전북,1507 ,1504 ,291 ,6561 ,5.1 ,84.5 ,66.2 ,653 ,26.49 ,77.81 ,76.0 ,3635390.6 ,6937.8 ,13373.1 ,31.1 ,103.3 
2023,우송대학교,사립,대전,2004 ,1942 ,330 ,9573 ,8.2 ,100.0 ,70.2 ,2194 ,25.29 ,68.61 ,59.6 ,4238610.3 ,7227.7 ,11845.0 ,20.9 ,63.1 
2023,울산과학기술원,특별법법인,울산,400 ,498 ,320 ,1752 ,15.2 ,100.3 ,71.2 ,117 ,19.98 ,124.03 ,80.0 ,6481034.1 ,6211.4 ,77546.0 ,79.1 ,69.7 
2023,울산대학교,사립,울산,2727 ,2805 ,1100 ,11272 ,4.6 ,99.2 ,60.8 ,297 ,12.80 ,158.27 ,54.7 ,3338537.3 ,7333.6 ,23803.5 ,21.3 ,77.8 
2023,원광대학교,사립,전북,3047 ,3132 ,703 ,13066 ,4.8 ,95.4 ,63.0 ,86 ,23.39 ,88.87 ,67.2 ,3886683.7 ,7496.5 ,15906.5 ,26.8 ,110.3 
2023,위덕대학교,사립,경북,671 ,601 ,106 ,2423 ,3.2 ,96.0 ,67.4 ,87 ,31.58 ,86.18 ,77.8 ,4836477.6 ,7335.5 ,12757.5 ,25.9 ,106.0 
2023,유원대학교,사립,충북,875 ,799 ,116 ,3249 ,4.2 ,86.9 ,71.9 ,282 ,30.94 ,75.32 ,62.0 ,4722966.8 ,7251.4 ,11584.2 ,35.5 ,124.6 
2023,을지대학교-제2캠퍼스,사립,경기,827 ,838 ,118 ,3831 ,9.9 ,100.0 ,77.2 ,14 ,27.86 ,62.77 ,69.5 ,3913143.9 ,8454.9 ,0.0 ,12.9 ,0.0 
2023,을지대학교,사립,대전,40 ,51 ,318 ,301 ,10.9 ,100.0 ,97.9 ,2 ,0.75 ,993.75 ,88.6 ,3893470.6 ,10414.0 ,24055.4 ,16.9 ,57.0 
2023,을지대학교-제3캠퍼스,사립,경기,192 ,105 ,22 ,675 ,8.3 ,100.0 ,88.5 ,1 ,49.18 ,36.67 ,70.3 ,4479565.5 ,8227.6 ,0.0 ,27.2 ,0.0 
2023,이화여자대학교,사립,서울,3167 ,3403 ,981 ,15940 ,10.0 ,99.7 ,67.9 ,1417 ,23.29 ,86.43 ,51.1 ,3493079.5 ,8742.2 ,21326.4 ,21.9 ,81.4 
2023,인제대학교-제2캠퍼스,사립,부산,0 ,0 ,0 ,866 ,0.0 ,0.0 ,0.0 ,0 ,0.00 ,0.00 ,0.0 ,0.0 ,0.0 ,0.0 ,13.9 ,0.0 
2023,인제대학교,사립,경남,1704 ,1960 ,937 ,7595 ,4.9 ,94.6 ,66.7 ,489 ,10.73 ,195.62 ,71.3 ,3869825.3 ,7275.8 ,19226.5 ,28.7 ,101.8 
2023,인천가톨릭대학교-제2캠퍼스,사립,인천,153 ,167 ,26 ,612 ,7.2 ,100.0 ,72.9 ,0 ,32.54 ,72.22 ,57.5 ,3314093.6 ,8418.4 ,0.0 ,0.0 ,0.0 
2023,인천가톨릭대학교,사립,인천,12 ,12 ,19 ,45 ,0.8 ,75.0 ,0.0 ,4 ,6.16 ,633.33 ,63.3 ,8149566.7 ,5446.0 ,18728.4 ,28.5 ,182.1 
2023,인천대학교,국립,인천,2492 ,2826 ,493 ,11333 ,10.1 ,99.8 ,70.6 ,405 ,24.37 ,80.95 ,61.7 ,3363645.6 ,4632.1 ,19594.3 ,25.6 ,105.8 
2023,인하대학교,사립,인천,3495 ,3911 ,890 ,17798 ,15.0 ,99.9 ,72.2 ,1886 ,21.66 ,83.26 ,64.5 ,3413152.7 ,7770.6 ,20122.4 ,12.6 ,79.9 
2023,장로회신학대학교,사립,서울,150 ,169 ,80 ,616 ,2.0 ,96.7 ,0.0 ,3 ,37.48 ,68.97 ,61.8 ,4332965.1 ,6657.7 ,11484.2 ,33.0 ,192.2 
2023,전남대학교,국립,광주,3397 ,3672 ,1142 ,16165 ,7.3 ,99.9 ,59.5 ,773 ,19.50 ,92.39 ,58.9 ,2861508.0 ,4167.7 ,24124.6 ,21.8 ,84.2 
2023,전남대학교-제2캠퍼스,국립,전남,802 ,532 ,141 ,2772 ,4.9 ,98.9 ,55.7 ,102 ,24.48 ,104.44 ,67.8 ,3100867.3 ,4111.6 ,0.0 ,31.9 ,0.0 
2023,전북대학교,국립,전북,3848 ,4070 ,1080 ,17800 ,8.2 ,99.8 ,62.3 ,1011 ,19.95 ,91.14 ,57.3 ,2851394.2 ,4431.7 ,21407.4 ,28.4 ,82.9 
2023,전주대학교,사립,전북,2522 ,2390 ,360 ,10528 ,4.4 ,93.7 ,60.0 ,548 ,32.17 ,67.75 ,73.5 ,4041381.1 ,7021.3 ,12894.6 ,17.3 ,60.9 
2023,제주국제대학교,사립,제주,370 ,162 ,50 ,368 ,0.4 ,8.9 ,70.6 ,128 ,39.66 ,172.41 ,65.8 ,3349103.2 ,5837.8 ,17213.6 ,40.5 ,121.8 
2023,제주대학교,국립,제주,2175 ,1911 ,653 ,9590 ,6.3 ,100.0 ,59.8 ,338 ,17.31 ,110.49 ,64.2 ,2761034.8 ,3977.3 ,20953.6 ,20.4 ,123.5 
2023,조선대학교,사립,광주,4367 ,4167 ,766 ,18328 ,5.6 ,99.4 ,59.8 ,300 ,27.13 ,75.99 ,72.4 ,3730096.9 ,7109.9 ,14676.5 ,12.6 ,72.7 
2023,중부대학교,사립,충남,1760 ,1644 ,272 ,7208 ,6.6 ,97.3 ,70.9 ,710 ,30.76 ,69.74 ,70.1 ,4075018.6 ,7247.7 ,10556.6 ,22.2 ,85.0 
2023,중앙대학교,사립,서울,3250 ,4144 ,998 ,18742 ,23.5 ,100.0 ,72.4 ,3097 ,21.04 ,80.81 ,67.2 ,3156378.1 ,7971.0 ,17498.4 ,12.7 ,80.1 
2023,중앙대학교-제2캠퍼스,사립,경기,1208 ,1075 ,154 ,5272 ,9.4 ,100.0 ,70.1 ,869 ,36.56 ,52.92 ,35.3 ,3986154.6 ,8745.9 ,0.0 ,36.6 ,0.0 
2023,중앙승가대학교,사립,경기,120 ,40 ,16 ,74 ,0.1 ,13.3 ,0.0 ,0 ,38.44 ,200.00 ,68.1 ,3573118.0 ,1760.0 ,26715.3 ,247.9 ,572.9 
2023,중원대학교,사립,충북,812 ,785 ,141 ,3150 ,3.3 ,79.0 ,72.7 ,45 ,26.18 ,84.43 ,77.6 ,4888545.9 ,7446.5 ,13386.7 ,98.5 ,59.6 
2023,차의과학대학교,사립,경기,504 ,460 ,482 ,2249 ,7.5 ,100.0 ,74.9 ,2 ,7.96 ,203.38 ,55.3 ,4172066.2 ,7156.3 ,36941.6 ,20.1 ,32.0 
2023,창신대학교,사립,경남,325 ,425 ,81 ,1675 ,7.9 ,100.0 ,71.8 ,143 ,25.04 ,83.51 ,60.8 ,4680744.2 ,6406.7 ,13611.6 ,51.0 ,83.4 
2023,청주대학교,사립,충북,2652 ,2556 ,368 ,10704 ,6.0 ,99.3 ,66.5 ,462 ,31.00 ,67.65 ,72.8 ,3715534.3 ,7658.3 ,12379.8 ,21.2 ,117.9 
2023,초당대학교,사립,전남,717 ,711 ,112 ,2856 ,4.0 ,94.9 ,71.0 ,437 ,27.88 ,73.68 ,74.0 ,4073790.2 ,6665.8 ,11949.8 ,41.7 ,115.4 
2023,총신대학교,사립,서울,307 ,401 ,120 ,1374 ,3.9 ,100.0 ,64.4 ,112 ,33.43 ,76.92 ,70.3 ,4549034.5 ,6973.6 ,10699.8 ,51.5 ,204.6 
2023,추계예술대학교,사립,서울,250 ,262 ,53 ,1110 ,10.0 ,100.0 ,58.1 ,29 ,25.43 ,73.61 ,35.9 ,3452451.6 ,8815.8 ,14735.8 ,13.2 ,109.6 
2023,충남대학교,국립,대전,3584 ,3474 ,1036 ,17375 ,8.0 ,99.8 ,65.2 ,608 ,21.10 ,84.36 ,62.2 ,2467470.7 ,4358.7 ,22285.2 ,24.3 ,85.5 
2023,충북대학교,국립,충북,2806 ,2987 ,766 ,12981 ,10.1 ,99.7 ,60.9 ,711 ,21.51 ,86.07 ,61.9 ,3017474.3 ,4274.1 ,23690.5 ,27.0 ,87.0 
2023,칼빈대학교,사립,경기,90 ,84 ,47 ,590 ,2.3 ,100.0 ,77.8 ,324 ,15.64 ,58.75 ,56.8 ,4381170.2 ,7610.8 ,10213.9 ,37.6 ,119.2 
2023,탐라대학교,사립,제주,0 ,0 ,0 ,0 ,0.0 ,0.0 ,0.0 ,0 ,0.00 ,0.00 ,0.0 ,0.0 ,0.0 ,0.0 ,0.0 ,0.0 
2023,평택대학교,사립,경기,805 ,847 ,132 ,3189 ,6.9 ,100.2 ,65.1 ,143 ,31.78 ,78.57 ,72.2 ,3801739.4 ,7576.1 ,11616.6 ,26.9 ,124.1 
2023,포항공과대학교,사립,경북,320 ,256 ,284 ,1409 ,6.9 ,99.1 ,83.8 ,0 ,17.21 ,125.66 ,70.2 ,6691295.3 ,5613.5 ,124079.4 ,93.4 ,116.0 
2023,한경국립대학교,국립,경기,1271 ,1117 ,246 ,5165 ,6.5 ,99.5 ,67.3 ,345 ,20.94 ,88.49 ,60.1 ,2747215.6 ,4037.8 ,17644.2 ,24.1 ,92.7 
2023,한국공학대학교,사립,경기,1380 ,1504 ,256 ,7200 ,7.2 ,100.0 ,73.6 ,382 ,23.69 ,75.96 ,69.8 ,3573456.8 ,9034.6 ,17619.2 ,36.4 ,29.9 
2023,한국과학기술원,특별법법인,대전,970 ,709 ,670 ,3868 ,5.7 ,106.5 ,67.4 ,444 ,20.07 ,89.32 ,80.9 ,7168425.5 ,6866.0 ,94337.9 ,56.9 ,83.0 
2023,한국교원대학교,국립,충북,546 ,574 ,211 ,2267 ,6.4 ,99.8 ,52.1 ,0 ,35.20 ,67.85 ,55.5 ,2579391.6 ,3179.4 ,14111.6 ,64.5 ,127.9 
2023,한국기술교육대학교,사립,충남,836 ,868 ,188 ,4111 ,6.2 ,100.0 ,80.3 ,37 ,22.02 ,88.26 ,48.0 ,3422440.0 ,4502.3 ,43586.8 ,61.4 ,94.2 
2023,한국성서대학교,사립,서울,223 ,213 ,44 ,1014 ,8.1 ,100.0 ,72.2 ,136 ,27.36 ,77.19 ,71.5 ,4400902.8 ,7111.1 ,13195.5 ,15.9 ,139.9 
2023,한국에너지공과대학교,특별법법인,전남,100 ,0 ,49 ,196 ,17.4 ,101.0 ,0.0 ,0 ,19.39 ,288.24 ,71.9 ,16168269.2 ,9000.0 ,453046.6 ,79.9 ,40.8 
2023,한국외국어대학교,사립,서울,3377 ,3889 ,633 ,16740 ,12.4 ,99.9 ,65.3 ,2563 ,29.32 ,74.12 ,47.6 ,2818067.1 ,7184.4 ,12706.0 ,18.6 ,108.4 
2023,한국전통문화대학교,국립,충남,140 ,134 ,36 ,574 ,6.1 ,100.0 ,64.3 ,1 ,30.14 ,68.63 ,30.7 ,3007638.6 ,3268.8 ,40784.7 ,87.4 ,362.0 
2023,한국체육대학교,국립,서울,535 ,547 ,118 ,2410 ,5.2 ,99.8 ,77.2 ,6 ,25.85 ,73.29 ,62.1 ,3085239.5 ,3859.9 ,16834.9 ,36.4 ,55.0 
2023,한국침례신학대학교,사립,대전,204 ,269 ,46 ,798 ,1.2 ,67.6 ,55.2 ,0 ,52.26 ,59.74 ,51.6 ,6773814.4 ,6019.4 ,11009.9 ,43.2 ,161.4 
2023,한국항공대학교,사립,경기,871 ,888 ,165 ,4044 ,11.0 ,101.8 ,72.5 ,91 ,25.42 ,69.92 ,75.7 ,3467252.0 ,8510.9 ,19648.1 ,17.0 ,69.3 
2023,한남대학교,사립,대전,2715 ,2234 ,406 ,11388 ,5.0 ,99.9 ,66.8 ,859 ,30.23 ,71.10 ,75.4 ,3788001.2 ,7235.0 ,12417.1 ,12.8 ,80.8 
2023,한동대학교,사립,경북,729 ,771 ,149 ,3920 ,4.9 ,100.0 ,67.1 ,193 ,24.91 ,73.04 ,68.4 ,4342907.7 ,7123.0 ,19191.4 ,70.4 ,72.1 
2023,한라대학교,사립,강원,907 ,760 ,118 ,3170 ,3.1 ,71.6 ,65.3 ,278 ,29.45 ,79.73 ,70.5 ,3926121.4 ,7158.0 ,12816.6 ,20.5 ,83.1 
2023,한려대학교,사립,전남,0 ,0 ,0 ,0 ,0.0 ,0.0 ,33.3 ,0 ,0.00 ,0.00 ,0.0 ,0.0 ,0.0 ,0.0 ,0.0 ,0.0 
2023,한림대학교,사립,강원,1771 ,1669 ,748 ,7594 ,5.6 ,100.0 ,64.7 ,252 ,11.31 ,173.55 ,67.5 ,3824310.8 ,7540.8 ,28220.5 ,33.9 ,104.7 
2023,한북대학교,사립,경기,0 ,0 ,0 ,0 ,0.0 ,0.0 ,0.0 ,0 ,0.00 ,0.00 ,0.0 ,0.0 ,0.0 ,0.0 ,0.0 ,0.0 
2023,한서대학교,사립,충남,1569 ,1410 ,260 ,6479 ,6.8 ,93.4 ,70.4 ,243 ,26.60 ,75.14 ,82.6 ,3924210.4 ,7970.7 ,14403.4 ,29.5 ,105.4 
2023,한성대학교,사립,서울,1458 ,1548 ,265 ,6942 ,11.9 ,100.0 ,69.0 ,380 ,27.05 ,71.62 ,68.6 ,3680354.9 ,7778.9 ,12806.1 ,12.2 ,99.2 
2023,한세대학교,사립,경기,566 ,536 ,109 ,2549 ,10.1 ,99.8 ,74.7 ,25 ,32.66 ,72.67 ,53.8 ,4268950.6 ,8154.1 ,12169.2 ,12.3 ,127.0 
2023,한신대학교,사립,경기,1161 ,1067 ,181 ,5397 ,6.1 ,100.0 ,64.7 ,315 ,30.25 ,70.98 ,70.9 ,3493781.3 ,7246.2 ,11308.6 ,14.9 ,94.1 
2023,한양대학교,사립,서울,2906 ,3559 ,1150 ,16531 ,19.6 ,100.0 ,72.5 ,3451 ,19.85 ,85.19 ,64.6 ,3609041.4 ,8556.9 ,27686.7 ,11.1 ,77.6 
2023,한양대학교(ERICA),사립,경기,1910 ,2223 ,407 ,10404 ,17.2 ,99.8 ,71.3 ,2102 ,23.62 ,68.52 ,57.9 ,4162183.5 ,8526.7 ,22865.5 ,24.6 ,91.0 
2023,한일장신대학교,사립,전북,219 ,244 ,41 ,778 ,2.1 ,95.0 ,62.9 ,142 ,33.10 ,83.67 ,62.4 ,5404734.1 ,6428.9 ,11681.0 ,28.7 ,200.2 
2023,한중대학교,사립,강원,0 ,0 ,0 ,0 ,0.0 ,0.0 ,0.0 ,0 ,0.00 ,0.00 ,0.0 ,0.0 ,0.0 ,0.0 ,0.0 ,0.0 
2023,협성대학교,사립,경기,1004 ,931 ,144 ,3962 ,7.5 ,98.6 ,62.2 ,29 ,31.93 ,77.84 ,67.9 ,4158034.0 ,7460.0 ,12279.9 ,11.8 ,105.3 
2023,호남대학교,사립,광주,1537 ,1892 ,280 ,6610 ,4.9 ,85.8 ,67.5 ,921 ,25.40 ,76.09 ,88.5 ,3987267.6 ,6580.1 ,11685.0 ,21.4 ,96.2 
2023,호남신학대학교,사립,광주,119 ,120 ,36 ,434 ,1.2 ,87.4 ,46.4 ,0 ,33.81 ,97.30 ,48.2 ,5121352.1 ,6802.8 ,9430.2 ,43.2 ,261.8 
2023,호서대학교,사립,충남,2881 ,2709 ,474 ,12368 ,5.2 ,100.1 ,68.0 ,407 ,29.02 ,69.71 ,73.1 ,3808922.8 ,7761.3 ,13469.4 ,23.4 ,80.4 
2023,홍익대학교-제2캠퍼스,사립,세종,1299 ,1313 ,188 ,5519 ,8.5 ,99.5 ,68.0 ,96 ,29.23 ,67.87 ,68.5 ,4495380.4 ,8494.8 ,0.0 ,24.1 ,0.0 
2023,홍익대학교,사립,서울,2421 ,2888 ,533 ,12365 ,18.1 ,99.9 ,68.5 ,1562 ,27.86 ,62.63 ,66.3 ,3922393.0 ,8397.1 ,13033.1 ,13.0 ,86.7 
2023,화성의과학대학교,사립,경기,246 ,119 ,29 ,388 ,5.7 ,58.3 ,71.6 ,0 ,33.93 ,138.10 ,65.0 ,1049492.1 ,6970.5 ,14369.9 ,64.4 ,33.4 